{
  "individual_event_sounds": {
    "events": {
      "ambient.basalt_deltas.additions": {
        "pitch": [
          1,
          1.1
        ],
        "sound": "ambient.basalt_deltas.additions",
        "volume": 1
      },
      "ambient.basalt_deltas.loop": {
        "pitch": 1.0,
        "sound": "ambient.basalt_deltas.loop",
        "volume": 0.58
      },
      "ambient.basalt_deltas.mood": {
        "pitch": [
          0.5,
          1.2
        ],
        "sound": "ambient.basalt_deltas.mood",
        "volume": 0.8
      },
      "ambient.candle": {
        "pitch": 1.0,
        "sound": "ambient.candle",
        "volume": 1.0
      },
      "ambient.cave": {
        "pitch": [
          0.8,
          1.0
        ],
        "sound": "ambient.cave",
        "volume": 0.7
      },
      "ambient.crimson_forest.additions": {
        "pitch": [
          1,
          1.1
        ],
        "sound": "ambient.crimson_forest.additions",
        "volume": 1
      },
      "ambient.crimson_forest.loop": {
        "pitch": 1.0,
        "sound": "ambient.crimson_forest.loop",
        "volume": 0.9
      },
      "ambient.crimson_forest.mood": {
        "pitch": [
          0.5,
          1.2
        ],
        "sound": "ambient.crimson_forest.mood",
        "volume": 0.8
      },
      "ambient.nether_wastes.additions": {
        "pitch": [
          1,
          1.1
        ],
        "sound": "ambient.nether_wastes.additions",
        "volume": 1
      },
      "ambient.nether_wastes.loop": {
        "pitch": 1.0,
        "sound": "ambient.nether_wastes.loop",
        "volume": 0.9
      },
      "ambient.nether_wastes.mood": {
        "pitch": [
          0.5,
          1.2
        ],
        "sound": "ambient.nether_wastes.mood",
        "volume": 0.8
      },
      "ambient.soulsand_valley.additions": {
        "pitch": [
          1,
          1.1
        ],
        "sound": "ambient.soulsand_valley.additions",
        "volume": 1
      },
      "ambient.soulsand_valley.loop": {
        "pitch": 1.0,
        "sound": "ambient.soulsand_valley.loop",
        "volume": 0.95
      },
      "ambient.soulsand_valley.mood": {
        "pitch": [
          0.5,
          1.2
        ],
        "sound": "ambient.soulsand_valley.mood",
        "volume": 0.8
      },
      "ambient.underwater.enter": {
        "pitch": 1.0,
        "sound": "ambient.underwater.enter",
        "volume": 1.0
      },
      "ambient.underwater.exit": {
        "pitch": 1.0,
        "sound": "ambient.underwater.exit",
        "volume": 1.0
      },
      "ambient.warped_forest.additions": {
        "pitch": [
          1,
          1.1
        ],
        "sound": "ambient.warped_forest.additions",
        "volume": 1
      },
      "ambient.warped_forest.loop": {
        "pitch": 1.0,
        "sound": "ambient.warped_forest.loop",
        "volume": 0.9
      },
      "ambient.warped_forest.mood": {
        "pitch": [
          0.5,
          1.2
        ],
        "sound": "ambient.warped_forest.mood",
        "volume": 0.8
      },
      "armor.equip_chain": {
        "pitch": 1.0,
        "sound": "armor.equip_chain",
        "volume": 1.0
      },
      "armor.equip_diamond": {
        "pitch": 1.0,
        "sound": "armor.equip_diamond",
        "volume": 1.0
      },
      "armor.equip_elytra": {
        "pitch": 1.0,
        "sound": "armor.equip_leather",
        "volume": 1.0
      },
      "armor.equip_generic": {
        "pitch": 1.0,
        "sound": "armor.equip_generic",
        "volume": 1.0
      },
      "armor.equip_gold": {
        "pitch": 1.0,
        "sound": "armor.equip_gold",
        "volume": 1.0
      },
      "armor.equip_iron": {
        "pitch": 1.0,
        "sound": "armor.equip_iron",
        "volume": 1.0
      },
      "armor.equip_leather": {
        "pitch": 1.0,
        "sound": "armor.equip_leather",
        "volume": 1.0
      },
      "armor.equip_netherite": {
        "pitch": 1.0,
        "sound": "armor.equip_netherite",
        "volume": 1.0
      },
      "attach": {
        "pitch": 0.7,
        "sound": "block.click",
        "volume": 1.0
      },
      "beacon.activate": {
        "pitch": 1.0,
        "sound": "beacon.activate",
        "volume": 1.0
      },
      "beacon.ambient": {
        "pitch": 1.0,
        "sound": "beacon.ambient",
        "volume": 1.0
      },
      "beacon.deactivate": {
        "pitch": 1.0,
        "sound": "beacon.deactivate",
        "volume": 1.0
      },
      "beacon.power": {
        "pitch": 1.0,
        "sound": "beacon.power",
        "volume": 1.0
      },
      "blast": {
        "pitch": 1.0,
        "sound": "firework.blast",
        "volume": 1.0
      },
      "block.bamboo_sapling.place": {
        "pitch": 0.8,
        "sound": "block.bamboo_sapling.place",
        "volume": 0.8
      },
      "block.barrel.close": {
        "pitch": 1.0,
        "sound": "block.barrel.close",
        "volume": 1.0
      },
      "block.barrel.open": {
        "pitch": 1.0,
        "sound": "block.barrel.open",
        "volume": 1.0
      },
      "block.beehive.drip": {
        "pitch": [
          0.7,
          0.9
        ],
        "sound": "block.beehive.drip",
        "volume": 0.3
      },
      "block.beehive.enter": {
        "pitch": [
          0.7,
          0.8
        ],
        "sound": "block.beehive.enter",
        "volume": 0.75
      },
      "block.beehive.exit": {
        "pitch": [
          0.9,
          1.1
        ],
        "sound": "block.beehive.exit",
        "volume": 0.75
      },
      "block.beehive.shear": {
        "pitch": [
          0.8,
          1.0
        ],
        "sound": "block.beehive.shear",
        "volume": 0.8
      },
      "block.beehive.work": {
        "pitch": 1.0,
        "sound": "block.beehive.work",
        "volume": 0.6
      },
      "block.bell.hit": {
        "pitch": 1.0,
        "sound": "block.bell.hit",
        "volume": 1.0
      },
      "block.blastfurnace.fire_crackle": {
        "pitch": 0.6,
        "sound": "block.blastfurnace.fire_crackle",
        "volume": 3.0
      },
      "block.campfire.crackle": {
        "pitch": [
          0.6,
          1.3
        ],
        "sound": "block.campfire.crackle",
        "volume": [
          0.5,
          1.5
        ]
      },
      "block.cartography_table.use": {
        "pitch": 1.0,
        "sound": "block.cartography_table.use",
        "volume": 0.8
      },
      "block.click": {
        "pitch": 1.0,
        "sound": "block.click",
        "volume": 1.0
      },
      "block.click.fail": {
        "pitch": 1.2,
        "sound": "block.click",
        "volume": 1.0
      },
      "block.composter.empty": {
        "pitch": 1.0,
        "sound": "block.composter.empty",
        "volume": 1.0
      },
      "block.composter.fill": {
        "pitch": 1.0,
        "sound": "block.composter.fill",
        "volume": 1.0
      },
      "block.composter.fill_success": {
        "pitch": 1.0,
        "sound": "block.composter.fill_success",
        "volume": 1.0
      },
      "block.composter.ready": {
        "pitch": 1.0,
        "sound": "block.composter.ready",
        "volume": 1.0
      },
      "block.enchanting_table.use": {
        "pitch": 1.0,
        "sound": "block.enchanting_table.use",
        "volume": 1.0
      },
      "block.end_portal.spawn": {
        "pitch": 1.0,
        "sound": "block.end_portal.spawn",
        "volume": 0.7
      },
      "block.end_portal_frame.fill": {
        "pitch": 1.0,
        "sound": "block.end_portal_frame.fill",
        "volume": 0.3
      },
      "block.fletching_table.use": {
        "pitch": 1.0,
        "sound": "dig.wood",
        "volume": 12.0
      },
      "block.frog_spawn.break": {
        "pitch": 0.9,
        "sound": "break.frog_spawn",
        "volume": 0.3
      },
      "block.frog_spawn.hatch": {
        "pitch": 0.6,
        "sound": "hatch.frog_spawn",
        "volume": 1.2
      },
      "block.furnace.lit": {
        "pitch": 1.0,
        "sound": "block.furnace.lit",
        "volume": 3.0
      },
      "block.grindstone.use": {
        "pitch": 1.0,
        "sound": "block.grindstone.use",
        "volume": 1.0
      },
      "block.loom.use": {
        "pitch": 1.0,
        "sound": "block.loom.use",
        "volume": 0.75
      },
      "block.scaffolding.climb": {
        "pitch": 1.0,
        "sound": "block.scaffolding.climb",
        "volume": 1.0
      },
      "block.sculk.charge": {
        "pitch": 1.0,
        "sound": "charge.sculk",
        "volume": 1.0
      },
      "block.sculk.place": {
        "pitch": 1.0,
        "sound": "place.sculk",
        "volume": 0.5
      },
      "block.sculk.spread": {
        "pitch": 0.9,
        "sound": "spread.sculk",
        "volume": 1.0
      },
      "block.sculk_catalyst.bloom": {
        "pitch": [
          0.6,
          1.0
        ],
        "sound": "bloom.sculk_catalyst",
        "volume": 2.0
      },
      "block.sculk_sensor.clicking": {
        "pitch": 0.73,
        "sound": "clicking.sculk_sensor"
      },
      "block.sculk_sensor.clicking_stop": {
        "pitch": 0.62,
        "sound": "clicking_stop.sculk_sensor"
      },
      "block.sculk_sensor.place": {
        "pitch": 1.0,
        "sound": "place.sculk_sensor",
        "volume": 1.0
      },
      "block.sculk_shrieker.place": {
        "pitch": 1.0,
        "sound": "place.sculk_shrieker",
        "volume": 1.0
      },
      "block.sculk_shrieker.shriek": {
        "pitch": [
          0.6,
          1.0
        ],
        "sound": "shriek.sculk_shrieker",
        "volume": 2.0
      },
      "block.sign.waxed_interact_fail": {
        "pitch": 1.0,
        "sound": "block.sign.waxed_interact_fail",
        "volume": 1.0
      },
      "block.smithing_table.use": {
        "pitch": 1.0,
        "sound": "smithing_table.use",
        "volume": 0.25
      },
      "block.smoker.smoke": {
        "pitch": 1.0,
        "sound": "block.smoker.smoke",
        "volume": 3.0
      },
      "block.sniffer_egg.crack": {
        "pitch": 0.8,
        "sound": "block.sniffer_egg.crack",
        "volume": 0.85
      },
      "block.sniffer_egg.hatch": {
        "pitch": 0.8,
        "sound": "block.sniffer_egg.hatch",
        "volume": 0.85
      },
      "block.stonecutter.use": {
        "pitch": 1.0,
        "sound": "block.stonecutter.use",
        "volume": 0.7
      },
      "block.sweet_berry_bush.hurt": {
        "pitch": 1.0,
        "sound": "block.sweet_berry_bush.hurt",
        "volume": 1.0
      },
      "block.sweet_berry_bush.pick": {
        "pitch": 1.0,
        "sound": "block.sweet_berry_bush.pick",
        "volume": 1.0
      },
      "block.turtle_egg.attack": {
        "pitch": [
          0.9,
          1.0
        ],
        "sound": "fall.egg",
        "volume": 0.5
      },
      "block.turtle_egg.break": {
        "pitch": 0.9,
        "sound": "block.turtle_egg.break",
        "volume": 0.85
      },
      "block.turtle_egg.crack": {
        "pitch": 0.9,
        "sound": "block.turtle_egg.crack",
        "volume": 0.85
      },
      "block.turtle_egg.hatch": {
        "pitch": 0.9,
        "sound": "block.turtle_egg.drop",
        "volume": 0.85
      },
      "bottle.dragonbreath": {
        "pitch": 1.0,
        "sound": "bottle.dragonbreath",
        "volume": 0.7
      },
      "bow": {
        "pitch": [
          0.83,
          1.25
        ],
        "sound": "random.bow",
        "volume": 1.0
      },
      "bow.hit": {
        "pitch": [
          1.09,
          1.3
        ],
        "sound": "random.bowhit",
        "volume": 1.0
      },
      "break": {
        "pitch": 0.9,
        "sound": "random.break",
        "volume": 1.0
      },
      "bubble.down": {
        "pitch": [
          0.9,
          1.05
        ],
        "sound": "bubble.down",
        "volume": [
          0.4,
          0.6
        ]
      },
      "bubble.downinside": {
        "pitch": [
          0.9,
          1.05
        ],
        "sound": "bubble.downinside",
        "volume": [
          1.0,
          1.5
        ]
      },
      "bubble.pop": {
        "pitch": [
          0.9,
          1.05
        ],
        "sound": "bubble.pop",
        "volume": [
          0.4,
          0.6
        ]
      },
      "bubble.up": {
        "pitch": [
          0.9,
          1.05
        ],
        "sound": "bubble.up",
        "volume": [
          0.4,
          0.6
        ]
      },
      "bubble.upinside": {
        "pitch": [
          0.9,
          1.05
        ],
        "sound": "bubble.upinside",
        "volume": [
          1.0,
          1.5
        ]
      },
      "bucket.empty.fish": {
        "pitch": 1.0,
        "sound": "bucket.empty_fish",
        "volume": 1.0
      },
      "bucket.empty.lava": {
        "pitch": 1.0,
        "sound": "bucket.empty_lava",
        "volume": 1.0
      },
      "bucket.empty.powder_snow": {
        "pitch": 1.0,
        "sound": "bucket.empty_powder_snow",
        "volume": 1.0
      },
      "bucket.empty.water": {
        "pitch": 1.0,
        "sound": "bucket.empty_water",
        "volume": 1.0
      },
      "bucket.fill.fish": {
        "pitch": 1.0,
        "sound": "bucket.fill_fish",
        "volume": 1.0
      },
      "bucket.fill.lava": {
        "pitch": 1.0,
        "sound": "bucket.fill_lava",
        "volume": 1.0
      },
      "bucket.fill.powder_snow": {
        "pitch": 1.0,
        "sound": "bucket.fill_powder_snow",
        "volume": 1.0
      },
      "bucket.fill.water": {
        "pitch": 1.0,
        "sound": "bucket.fill_water",
        "volume": 1.0
      },
      "bullet.hit": {
        "pitch": 1.0,
        "sound": "mob.shulker.bullet.hit",
        "volume": 1.0
      },
      "burp": {
        "pitch": [
          0.9,
          1.0
        ],
        "sound": "random.burp",
        "volume": 0.5
      },
      "cake.add_candle": {
        "pitch": 1.0,
        "sound": "cake.add_candle",
        "volume": 1.0
      },
      "camera.take_picture": {
        "pitch": 1.0,
        "sound": "camera.take_picture",
        "volume": 1.0
      },
      "cauldron_drip.lava.pointed_dripstone": {
        "pitch": [
          0.9,
          1.0
        ],
        "sound": "cauldron_drip.lava.pointed_dripstone",
        "volume": 2.0
      },
      "cauldron_drip.water.pointed_dripstone": {
        "pitch": [
          0.9,
          1.0
        ],
        "sound": "cauldron_drip.water.pointed_dripstone",
        "volume": 2.0
      },
      "chest.closed": {
        "pitch": [
          0.9,
          1.0
        ],
        "sound": "random.chestclosed",
        "volume": 0.5
      },
      "chest.open": {
        "pitch": [
          0.9,
          1.0
        ],
        "sound": "random.chestopen",
        "volume": 0.5
      },
      "chime.amethyst_block": {
        "pitch": [
          0.5,
          1.7
        ],
        "sound": "chime.amethyst_block",
        "volume": 1.0
      },
      "chorusdeath": {
        "pitch": 1.0,
        "sound": "block.chorusflower.death",
        "volume": 1.0
      },
      "chorusgrow": {
        "pitch": 1.0,
        "sound": "block.chorusflower.grow",
        "volume": 1.0
      },
      "conduit.activate": {
        "pitch": 1.0,
        "sound": "conduit.activate",
        "volume": 1.0
      },
      "conduit.ambient": {
        "pitch": 1.0,
        "sound": "conduit.ambient",
        "volume": 1.0
      },
      "conduit.attack": {
        "pitch": 1.0,
        "sound": "conduit.attack",
        "volume": 1.0
      },
      "conduit.deactivate": {
        "pitch": 1.0,
        "sound": "conduit.deactivate",
        "volume": 1.0
      },
      "conduit.short": {
        "pitch": 1.0,
        "sound": "conduit.short",
        "volume": 1.0
      },
      "convert_mooshroom": {
        "pitch": 1.0,
        "sound": "mob.mooshroom.convert",
        "volume": 1.0
      },
      "convert_to_drowned": {
        "pitch": [
          0.3,
          1
        ],
        "sound": "mob.zombie.converted_to_drowned",
        "volume": [
          1.0,
          2.0
        ]
      },
      "convert_to_frog": {
        "pitch": 1.0,
        "sound": "mob.tadpole.convert_to_frog",
        "volume": 1.0
      },
      "convert_to_stray": {
        "pitch": 1.0,
        "sound": "mob.skeleton.convert_to_stray",
        "volume": 1.0
      },
      "converted_to_zombified": {
        "pitch": [
          0.9,
          1.1
        ],
        "sound": "mob.piglin.converted_to_zombified",
        "volume": 1.0
      },
      "copper.wax.off": {
        "pitch": [
          0.8,
          1.2
        ],
        "sound": "copper.wax.off",
        "volume": 1.0
      },
      "copper.wax.on": {
        "pitch": [
          0.8,
          1.2
        ],
        "sound": "copper.wax.on",
        "volume": 1.0
      },
      "crossbow.loading.end": {
        "pitch": 1.0,
        "sound": "crossbow.loading.middle",
        "volume": 1.0
      },
      "crossbow.loading.middle": {
        "pitch": 1.0,
        "sound": "crossbow.loading.middle",
        "volume": 1.0
      },
      "crossbow.loading.start": {
        "pitch": 1.0,
        "sound": "crossbow.loading.start",
        "volume": 1.0
      },
      "crossbow.quick_charge.end": {
        "pitch": 1.0,
        "sound": "crossbow.quick_charge.end",
        "volume": 1.0
      },
      "crossbow.quick_charge.middle": {
        "pitch": 1.0,
        "sound": "crossbow.quick_charge.middle",
        "volume": 1.0
      },
      "crossbow.quick_charge.start": {
        "pitch": 1.0,
        "sound": "crossbow.quick_charge.start",
        "volume": 1.0
      },
      "crossbow.shoot": {
        "pitch": 1.0,
        "sound": "crossbow.shoot",
        "volume": 1.0
      },
      "dash_ready": {
        "pitch": 1.0,
        "sound": "mob.camel.dash_ready",
        "volume": 1.0
      },
      "deny": {
        "pitch": [
          0.8,
          1.2
        ],
        "sound": "block.false_permissions",
        "volume": 0.8
      },
      "detach": {
        "pitch": [
          1.1,
          1.33
        ],
        "sound": "block.bowhit",
        "volume": 0.4
      },
      "drip.lava.pointed_dripstone": {
        "pitch": 1.0,
        "sound": "drip.lava.pointed_dripstone",
        "volume": [
          0.3,
          1.0
        ]
      },
      "drip.water.pointed_dripstone": {
        "pitch": 1.0,
        "sound": "drip.water.pointed_dripstone",
        "volume": [
          0.3,
          1.0
        ]
      },
      "drop.slot": {
        "pitch": [
          0.55,
          0.75
        ],
        "sound": "random.pop",
        "volume": 0.3
      },
      "enderchest.closed": {
        "pitch": [
          0.9,
          1.0
        ],
        "sound": "random.enderchestclosed",
        "volume": 0.5
      },
      "enderchest.open": {
        "pitch": [
          0.9,
          1.0
        ],
        "sound": "random.enderchestopen",
        "volume": 0.5
      },
      "explode": {
        "pitch": 1.0,
        "sound": "random.explode",
        "volume": 4.0
      },
      "extinguish.candle": {
        "pitch": 1.0,
        "sound": "extinguish.candle",
        "volume": 1.0
      },
      "extinguish.fire": {
        "pitch": [
          1.8,
          2.4
        ],
        "sound": "random.fizz",
        "volume": 0.5
      },
      "fire": {
        "pitch": [
          0.3,
          1.0
        ],
        "sound": "fire.fire",
        "volume": [
          1.0,
          2.0
        ]
      },
      "fizz": {
        "pitch": [
          1.8,
          2.4
        ],
        "sound": "random.fizz",
        "volume": 0.5
      },
      "glass": {
        "pitch": 1.0,
        "sound": "random.glass",
        "volume": 1.0
      },
      "glow_squid.ink_squirt": {
        "pitch": 1.0,
        "sound": "mob.glow_squid.ink_squirt",
        "volume": 1.0
      },
      "horn_break": {
        "pitch": 1.0,
        "sound": "mob.goat.horn_break",
        "volume": 1.0
      },
      "horn_call0": {
        "pitch": 1.0,
        "sound": "horn.call.0",
        "volume": 1.0
      },
      "horn_call1": {
        "pitch": 1.0,
        "sound": "horn.call.1",
        "volume": 1.0
      },
      "horn_call2": {
        "pitch": 1.0,
        "sound": "horn.call.2",
        "volume": 1.0
      },
      "horn_call3": {
        "pitch": 1.0,
        "sound": "horn.call.3",
        "volume": 1.0
      },
      "horn_call4": {
        "pitch": 1.0,
        "sound": "horn.call.4",
        "volume": 1.0
      },
      "horn_call5": {
        "pitch": 1.0,
        "sound": "horn.call.5",
        "volume": 1.0
      },
      "horn_call6": {
        "pitch": 1.0,
        "sound": "horn.call.6",
        "volume": 1.0
      },
      "horn_call7": {
        "pitch": 1.0,
        "sound": "horn.call.7",
        "volume": 1.0
      },
      "ignite": {
        "pitch": [
          0.8,
          1.2
        ],
        "sound": "fire.ignite",
        "volume": 1.0
      },
      "item.bone_meal.use": {
        "pitch": [
          0.9,
          1.1
        ],
        "sound": "item.bone_meal.use",
        "volume": 1.0
      },
      "item.book.put": {
        "pitch": 1.0,
        "sound": "item.book.put",
        "volume": 1.2
      },
      "item.shield.block": {
        "pitch": 1.0,
        "sound": "item.shield.block",
        "volume": 0.7
      },
      "item.spyglass.stop_using": {
        "pitch": [
          0.8,
          1.0
        ],
        "sound": "item.spyglass.stop_using",
        "volume": 0.5
      },
      "item.spyglass.use": {
        "pitch": [
          1.15,
          1.55
        ],
        "sound": "item.spyglass.use",
        "volume": 0.5
      },
      "item.trident.hit": {
        "pitch": 1.0,
        "sound": "item.trident.hit",
        "volume": 1.0
      },
      "item.trident.hit_ground": {
        "pitch": 1.0,
        "sound": "item.trident.hit_ground",
        "volume": 1.0
      },
      "item.trident.return": {
        "pitch": 1.0,
        "sound": "item.trident.return",
        "volume": 10.0
      },
      "item.trident.riptide_1": {
        "pitch": 1.0,
        "sound": "item.trident.riptide_1",
        "volume": 1.0
      },
      "item.trident.riptide_2": {
        "pitch": 1.0,
        "sound": "item.trident.riptide_2",
        "volume": 1.0
      },
      "item.trident.riptide_3": {
        "pitch": 1.0,
        "sound": "item.trident.riptide_3",
        "volume": 1.0
      },
      "item.trident.throw": {
        "pitch": 1.0,
        "sound": "item.trident.throw",
        "volume": 1.0
      },
      "item.trident.thunder": {
        "pitch": 1.0,
        "sound": "item.trident.thunder",
        "volume": 1.0
      },
      "item_given": {
        "pitch": [
          0.8,
          1.2
        ],
        "sound": "mob.allay.item_given",
        "volume": 1
      },
      "item_taken": {
        "pitch": [
          0.8,
          1.2
        ],
        "sound": "mob.allay.item_taken",
        "volume": 1
      },
      "item_thrown": {
        "pitch": 1,
        "sound": "mob.allay.item_thrown",
        "volume": 1
      },
      "jump_to_block": {
        "pitch": 1.0,
        "sound": "component.jump_to_block",
        "volume": 1.0
      },
      "large.blast": {
        "pitch": 1.0,
        "sound": "firework.large_blast",
        "volume": 1.0
      },
      "launch": {
        "pitch": 1.0,
        "sound": "firework.launch",
        "volume": 1.0
      },
      "lava": {
        "pitch": [
          0.9,
          1.05
        ],
        "sound": "liquid.lava",
        "volume": [
          0.4,
          0.6
        ]
      },
      "lava.pop": {
        "pitch": [
          0.9,
          1.05
        ],
        "sound": "liquid.lavapop",
        "volume": [
          0.4,
          0.6
        ]
      },
      "lay_egg": {
        "pitch": 0.9,
        "sound": "block.turtle_egg.drop",
        "volume": 0.3
      },
      "lay_spawn": {
        "pitch": 0.9,
        "sound": "mob.frog.lay_spawn",
        "volume": 0.3
      },
      "leashknot.break": {
        "pitch": 1.0,
        "sound": "leashknot.break",
        "volume": 1.0
      },
      "leashknot.place": {
        "pitch": 1.0,
        "sound": "leashknot.place",
        "volume": 1.0
      },
      "levelup": {
        "pitch": 1.0,
        "sound": "random.levelup"
      },
      "lodestone_compass.link_compass_to_lodestone": {
        "pitch": [
          0.85,
          0.95
        ],
        "sound": "lodestone_compass.link_compass_to_lodestone",
        "volume": 1.0
      },
      "milk": {
        "pitch": 1.0,
        "sound": "mob.cow.milk",
        "volume": 1.0
      },
      "milk.screamer": {
        "pitch": 1.0,
        "sound": "mob.goat.milk.screamer",
        "volume": 1.0
      },
      "milk_suspiciously": {
        "pitch": 1.0,
        "sound": "mob.mooshroom.suspicious_milk",
        "volume": 1.0
      },
      "mob.armor_stand.break": {
        "pitch": 1.0,
        "sound": "mob.armor_stand.break",
        "volume": 1.0
      },
      "mob.armor_stand.hit": {
        "pitch": 1.0,
        "sound": "mob.armor_stand.hit",
        "volume": 1.0
      },
      "mob.armor_stand.land": {
        "pitch": 1.0,
        "sound": "mob.armor_stand.land",
        "volume": 1.0
      },
      "mob.armor_stand.place": {
        "pitch": 1.0,
        "sound": "mob.armor_stand.place",
        "volume": 1.0
      },
      "mob.hoglin.converted_to_zombified": {
        "pitch": [
          0.8,
          1.2
        ],
        "sound": "mob.hoglin.converted_to_zombified",
        "volume": 1.0
      },
      "mob.husk.convert_to_zombie": {
        "pitch": [
          0.8,
          1.2
        ],
        "sound": "mob.husk.convert_to_zombie",
        "volume": 1.0
      },
      "mob.pig.death": {
        "pitch": [
          0.8,
          1.2
        ],
        "sound": "mob.pig.death",
        "volume": 1.0
      },
      "mob.player.hurt_drown": {
        "pitch": 1.0,
        "sound": "mob.player.hurt_drown",
        "volume": 1.0
      },
      "mob.player.hurt_freeze": {
        "pitch": 1.0,
        "sound": "mob.player.hurt_freeze",
        "volume": 1.0
      },
      "mob.player.hurt_on_fire": {
        "pitch": 1.0,
        "sound": "mob.player.hurt_on_fire",
        "volume": 1.0
      },
      "nearby_close": {
        "pitch": [
          0.8,
          1.2
        ],
        "sound": "nearby_close.warden",
        "volume": 1
      },
      "nearby_closer": {
        "pitch": [
          0.8,
          1.2
        ],
        "sound": "nearby_closer.warden",
        "volume": 1
      },
      "nearby_closest": {
        "pitch": [
          0.8,
          1.2
        ],
        "sound": "nearby_closest.warden",
        "volume": 1
      },
      "note": {
        "sound": "",
        "volume": 3.0
      },
      "note.bass": {
        "pitch": 1.0,
        "sound": "note.bass",
        "volume": 1.0
      },
      "particle.soul_escape.loud": {
        "pitch": [
          0.6,
          1.0
        ],
        "sound": "particle.soul_escape",
        "volume": [
          1.0,
          3.0
        ]
      },
      "particle.soul_escape.quiet": {
        "pitch": [
          0.6,
          1.0
        ],
        "sound": "particle.soul_escape",
        "volume": [
          0.0,
          0.4
        ]
      },
      "pick_berries.cave_vines": {
        "pitch": [
          0.8,
          1.2
        ],
        "sound": "pick_berries.cave_vines",
        "volume": 1.0
      },
      "piston.in": {
        "pitch": [
          0.6,
          0.75
        ],
        "sound": "tile.piston.in",
        "volume": 0.5
      },
      "piston.out": {
        "pitch": [
          0.6,
          0.75
        ],
        "sound": "tile.piston.out",
        "volume": 0.5
      },
      "pop": {
        "pitch": [
          0.6,
          2.2
        ],
        "sound": "random.pop",
        "volume": 0.25
      },
      "portal": {
        "pitch": [
          0.8,
          1.2
        ],
        "sound": "portal.portal",
        "volume": 0.25
      },
      "portal.travel": {
        "pitch": 1.0,
        "sound": "portal.travel",
        "volume": 1.0
      },
      "potion.brewed": {
        "pitch": 1.0,
        "sound": "random.potion.brewed",
        "volume": 1.0
      },
      "power.off": {
        "pitch": 0.5,
        "sound": "random.click",
        "volume": 1.0
      },
      "power.off.sculk_sensor": {
        "pitch": [
          0.8,
          1.2
        ],
        "sound": "power.off.sculk_sensor",
        "volume": 0.62
      },
      "power.on": {
        "pitch": 0.6,
        "sound": "random.click",
        "volume": 1.0
      },
      "power.on.sculk_sensor": {
        "pitch": [
          0.8,
          1.2
        ],
        "sound": "power.on.sculk_sensor",
        "volume": 0.73
      },
      "pre_ram": {
        "pitch": 1.0,
        "sound": "mob.goat.prepare_ram",
        "volume": 1.0
      },
      "pre_ram.screamer": {
        "pitch": 1.0,
        "sound": "mob.goat.prepare_ram.screamer",
        "volume": 1.0
      },
      "pressure_plate.click_off": {
        "pitch": 1.0,
        "sound": "click_off.metal_pressure_plate",
        "volume": 1.0
      },
      "pressure_plate.click_on": {
        "pitch": 1.0,
        "sound": "click_on.metal_pressure_plate",
        "volume": 1.0
      },
      "pumpkin.carve": {
        "pitch": 1.0,
        "sound": "pumpkin.carve",
        "volume": 1.0
      },
      "raid.horn": {
        "pitch": 1.0,
        "sound": "raid.horn",
        "volume": 12.0
      },
      "ram_impact": {
        "pitch": 1.0,
        "sound": "mob.goat.ram_impact",
        "volume": 1.0
      },
      "ram_impact.screamer": {
        "pitch": 1.0,
        "sound": "mob.goat.ram_impact.screamer",
        "volume": 1.0
      },
      "random.anvil_use": {
        "pitch": 1.0,
        "sound": "random.anvil_use",
        "volume": 0.6
      },
      "record.11": {
        "pitch": 1.0,
        "sound": "record.11",
        "volume": 1.0
      },
      "record.13": {
        "pitch": 1.0,
        "sound": "record.13",
        "volume": 1.0
      },
      "record.5": {
        "pitch": 1.0,
        "sound": "record.5",
        "volume": 1.0
      },
      "record.blocks": {
        "pitch": 1.0,
        "sound": "record.blocks",
        "volume": 1.0
      },
      "record.cat": {
        "pitch": 1.0,
        "sound": "record.cat",
        "volume": 1.0
      },
      "record.chirp": {
        "pitch": 1.0,
        "sound": "record.chirp",
        "volume": 1.0
      },
      "record.far": {
        "pitch": 1.0,
        "sound": "record.far",
        "volume": 1.0
      },
      "record.mall": {
        "pitch": 1.0,
        "sound": "record.mall",
        "volume": 1.0
      },
      "record.mellohi": {
        "pitch": 1.0,
        "sound": "record.mellohi",
        "volume": 1.0
      },
      "record.otherside": {
        "pitch": 1.0,
        "sound": "record.otherside",
        "volume": 1.0
      },
      "record.pigstep": {
        "pitch": 1.0,
        "sound": "record.pigstep",
        "volume": 1.0
      },
      "record.relic": {
        "pitch": 1.0,
        "sound": "record.relic",
        "volume": 1.0
      },
      "record.stal": {
        "pitch": 1.0,
        "sound": "record.stal",
        "volume": 1.0
      },
      "record.strad": {
        "pitch": 1.0,
        "sound": "record.strad",
        "volume": 1.0
      },
      "record.wait": {
        "pitch": 1.0,
        "sound": "record.wait",
        "volume": 1.0
      },
      "record.ward": {
        "pitch": 1.0,
        "sound": "record.ward",
        "volume": 1.0
      },
      "remedy": {
        "pitch": [
          0.3,
          1
        ],
        "sound": "mob.zombie.remedy",
        "volume": [
          1.0,
          2.0
        ]
      },
      "respawn_anchor.ambient": {
        "pitch": [
          0.8,
          1.2
        ],
        "sound": "respawn_anchor.ambient",
        "volume": 1.0
      },
      "respawn_anchor.charge": {
        "pitch": [
          0.8,
          1.2
        ],
        "sound": "respawn_anchor.charge",
        "volume": 1.0
      },
      "respawn_anchor.deplete": {
        "pitch": [
          0.8,
          1.2
        ],
        "sound": "respawn_anchor.deplete",
        "volume": 1.0
      },
      "respawn_anchor.set_spawn": {
        "pitch": [
          0.8,
          1.2
        ],
        "sound": "respawn_anchor.set_spawn",
        "volume": 1.0
      },
      "saddle": {
        "pitch": 1.0,
        "sound": "mob.horse.leather",
        "volume": 0.5
      },
      "scrape": {
        "pitch": [
          0.8,
          1.2
        ],
        "sound": "scrape",
        "volume": 1.0
      },
      "shear": {
        "pitch": 1.0,
        "sound": "mob.sheep.shear",
        "volume": 1.0
      },
      "shulkerbox.closed": {
        "pitch": [
          0.9,
          1.0
        ],
        "sound": "random.shulkerboxclosed",
        "volume": 0.5
      },
      "shulkerbox.open": {
        "pitch": [
          0.9,
          1.0
        ],
        "sound": "random.shulkerboxopen",
        "volume": 0.5
      },
      "slightly_angry": {
        "pitch": [
          0.8,
          1.2
        ],
        "sound": "slightly_angry.warden",
        "volume": 1
      },
      "smithing_table.use": {
        "pitch": 1.0,
        "sound": "smithing_table.use",
        "volume": 1.0
      },
      "sonic_boom": {
        "pitch": 1.0,
        "sound": "mob.warden.sonic_boom",
        "volume": 3.0
      },
      "sonic_charge": {
        "pitch": 1.0,
        "sound": "mob.warden.sonic_charge",
        "volume": 3.0
      },
      "squid.ink_squirt": {
        "pitch": 1.0,
        "sound": "mob.squid.ink_squirt",
        "volume": 1.0
      },
      "teleport": {
        "pitch": 1.0,
        "sound": "mob.shulker.teleport",
        "volume": 1.0
      },
      "thorns": {
        "pitch": 1.0,
        "sound": "damage.thorns",
        "volume": 0.5
      },
      "tilt_down.big_dripleaf": {
        "pitch": [
          0.8,
          1.2
        ],
        "sound": "tilt_down.big_dripleaf",
        "volume": 1.0
      },
      "tilt_up.big_dripleaf": {
        "pitch": [
          0.8,
          1.2
        ],
        "sound": "tilt_up.big_dripleaf",
        "volume": 1.0
      },
      "tongue": {
        "pitch": [
          0.8,
          1.2
        ],
        "sound": "mob.frog.tongue",
        "volume": 1
      },
      "tripod": {
        "pitch": [
          0.9,
          1.1
        ],
        "sound": "dig.stone",
        "volume": 2.0
      },
      "twinkle": {
        "pitch": 1.0,
        "sound": "firework.twinkle",
        "volume": 1.0
      },
      "ui.cartography_table.take_result": {
        "pitch": 1.0,
        "sound": "ui.cartography_table.take_result",
        "volume": 0.8
      },
      "ui.loom.take_result": {
        "pitch": 1.0,
        "sound": "ui.loom.take_result",
        "volume": 0.65
      },
      "ui.stonecutter.take_result": {
        "pitch": 1.0,
        "sound": "ui.stonecutter.take_result",
        "volume": 1.0
      },
      "unfect": {
        "pitch": [
          0.3,
          1
        ],
        "sound": "mob.zombie.unfect",
        "volume": [
          1.0,
          2.0
        ]
      },
      "water": {
        "pitch": [
          0.5,
          1.5
        ],
        "sound": "liquid.waterx123",
        "volume": [
          0.75,
          1.0
        ]
      }
    }
  },
  "entity_sounds": {
    "defaults": {
      "events": {
        "ambient": "",
        "ambient.in.raid": "",
        "ambient.in.water": "",
        "celebrate": "",
        "death": "game.player.die",
        "death.in.water": "",
        "drink": {
          "pitch": [
            0.9,
            1.1
          ],
          "sound": "random.drink",
          "volume": 0.35
        },
        "drink.honey": {
          "pitch": [
            0.9,
            1.0
          ],
          "sound": "random.drink_honey",
          "volume": 0.5
        },
        "eat": {
          "pitch": [
            0.8,
            1.2
          ],
          "sound": "random.eat",
          "volume": [
            0.5,
            1.1
          ]
        },
        "fall.big": {
          "pitch": 1.0,
          "sound": "damage.fallbig",
          "volume": 0.75
        },
        "fall.small": {
          "pitch": 1.0,
          "sound": "damage.fallsmall",
          "volume": 0.75
        },
        "fizz": {
          "pitch": [
            1.2,
            2.0
          ],
          "sound": "random.fizz",
          "volume": 0.7
        },
        "flop": "",
        "hurt": "game.player.hurt",
        "hurt.in.water": "",
        "splash": {
          "pitch": [
            0.6,
            1.4
          ],
          "sound": "random.splashx"
        },
        "swim": {
          "pitch": [
            0.6,
            1.4
          ],
          "sound": "random.swim"
        }
      },
      "pitch": [
        0.8,
        1.2
      ],
      "volume": 1.0
    },
    "entities": {
      "yushi:nightmare": {
        "volume": 166.0,
        "pitch": [
          1.1,
          0.9
        ],
        "events": {
          "spawn": "mob.nightmare.spawned",
          "ambient": "mob.nightmare.amb",
          "hurt": "mob.nightmare.hurt",
          "attack": "mob.nightmare.chased",
          "death": "mob.nightmare.death",
          "step": "mob.nightmare.stepx"
        }
      }
    }
  }
}
