{
  "format_version": "1.10.0",
  "minecraft:spawn_rules": {
    "description": {
      "identifier": "yushi:nightmare",
      "population_control": "monster"
    },
    "conditions": [
      {
        "minecraft:spawns_underground": {},
        "minecraft:spawns_on_surface": {},
        "minecraft:brightness_filter": {
          "min": 2.0,
          "max": 13.0,
          "adjust_for_weather": false
        },
        "minecraft:height_filter": {
          "min": 30,
          "max": 127
        },
        "minecraft:weight": {
          "default": 20
        },
        "minecraft:herd": {
          "min_size": 1,
          "max_size": 2
        },
        "minecraft:density_limit": {
          "surface": 1,
          "underground": 0
        },
        "minecraft:biome_filter": [
          {
            "any_of": [
              {
                "test": "has_biome_tag",
                "operator": "==",
                "value": "overworld"
              },
              {
                "test": "has_biome_tag",
                "operator": "==",
                "value": "plains"
              },
              {
                "test": "has_biome_tag",
                "operator": "==",
                "value": "stony_beach"
              },
              {
                "test": "has_biome_tag",
                "operator": "==",
                "value": "hills"
              },
              {
                "test": "has_biome_tag",
                "operator": "==",
                "value": "beach"
              },
              {
                "test": "has_biome_tag",
                "operator": "==",
                "value": "flower_forest"
              },
              {
                "test": "has_biome_tag",
                "operator": "==",
                "value": "extreme_hills"
              },
              {
                "test": "has_biome_tag",
                "operator": "==",
                "value": "stony_peaks"
              },
              {
                "test": "has_biome_tag",
                "operator": "==",
                "value": "mountains"
              },
              {
                "test": "has_biome_tag",
                "operator": "==",
                "value": "mountain"
              },
              {
                "test": "has_biome_tag",
                "operator": "==",
                "value": "plain"
              }
            ]
          }
        ]
      },
      {
        "minecraft:spawns_underground": {},
        "minecraft:brightness_filter": {
          "min": 2,
          "max": 14,
          "adjust_for_weather": false
        },
        "minecraft:height_filter": {
          "min": -64,
          "max": 45
        },
        "minecraft:weight": {
          "default": 120
        },
        "minecraft:herd": {
          "min_size": 1,
          "max_size": 2
        },
        "minecraft:density_limit": {
          "surface": 0,
          "underground": 1
        },
        "minecraft:biome_filter": [
          {
            "any_of": [
              {
                "test": "has_biome_tag",
                "operator": "==",
                "value": "overworld"
              },
              {
                "test": "has_biome_tag",
                "operator": "==",
                "value": "plains"
              },
              {
                "test": "has_biome_tag",
                "operator": "==",
                "value": "stony_beach"
              },
              {
                "test": "has_biome_tag",
                "operator": "==",
                "value": "hills"
              },
              {
                "test": "has_biome_tag",
                "operator": "==",
                "value": "beach"
              },
              {
                "test": "has_biome_tag",
                "operator": "==",
                "value": "flower_forest"
              },
              {
                "test": "has_biome_tag",
                "operator": "==",
                "value": "extreme_hills"
              },
              {
                "test": "has_biome_tag",
                "operator": "==",
                "value": "stony_peaks"
              },
              {
                "test": "has_biome_tag",
                "operator": "==",
                "value": "mountains"
              },
              {
                "test": "has_biome_tag",
                "operator": "==",
                "value": "mountain"
              },
              {
                "test": "has_biome_tag",
                "operator": "==",
                "value": "plain"
              }
            ]
          }
        ]
      }
    ]
  }
}