{
  "format_version": "1.14.0",
  "sound_definitions": {
    "mob.nightmare.stepx": {
      "category": "hostile",
      "sounds": [
        "sounds/mob/nightmare/chase_step_1",
        "sounds/mob/nightmare/chase_step_2",
        "sounds/mob/nightmare/chase_step_3",
        "sounds/mob/nightmare/chase_step_4",
        "sounds/mob/nightmare/chase_step_1",
        "sounds/mob/nightmare/chase_step_2",
        "sounds/mob/nightmare/chase_step_3",
        "sounds/mob/nightmare/chase_step_4"
      ]
    },
    "mob.nightmare.hurt": {
      "category": "hostile",
      "sounds": [
        "sounds/mob/nightmare/dweller_hurt_1",
        "sounds/mob/nightmare/dweller_hurt_2",
        "sounds/mob/nightmare/dweller_hurt_3",
        "sounds/mob/nightmare/dweller_hurt_4"
      ]
    },
    "mob.nightmare.chase": {
      "category": "hostile",
      "sounds": [
        "sounds/mob/nightmare/chase_1",
        "sounds/mob/nightmare/chase_2",
        "sounds/mob/nightmare/none",
        "sounds/mob/nightmare/none",
        "sounds/mob/nightmare/chase_3",
        "sounds/mob/nightmare/chase_4"
      ]
    },
    "mob.nightmare.chased": {
      "category": "hostile",
      "sounds": [
        "sounds/mob/nightmare/chase_1",
        "sounds/mob/nightmare/chase_2",
        "sounds/mob/nightmare/none",
        "sounds/mob/nightmare/none",
        "sounds/mob/nightmare/none",
        "sounds/mob/nightmare/none",
        "sounds/mob/nightmare/chase_3",
        "sounds/mob/nightmare/chase_4"
       ]
     },
    "mob.nightmare.death": {
      "category": "hostile",
      "sounds": [
        "sounds/mob/nightmare/dweller_death"
      ]
    },
    "mob.nightmare.dis": {
      "category": "hostile",
      "sounds": [
        "sounds/mob/nightmare/disappear"
       ]
     },
    "mob.nightmare.spotted": {
      "category": "hostile",
      "sounds": [
        "sounds/mob/nightmare/spotted",
        "sounds/mob/nightmare/spotted"
      ]
    },
    "mob.nightmare.spawned": {
      "category": "hostile",
      "sounds": [
        "sounds/mob/nightmare/cavenoise_1",
        "sounds/mob/nightmare/cavenoise_2",
        "sounds/mob/nightmare/none",
        "sounds/mob/nightmare/none",
        "sounds/mob/nightmare/none",
        "sounds/mob/nightmare/none",
        "sounds/mob/nightmare/none",
        "sounds/mob/nightmare/none",
        "sounds/mob/nightmare/none",
        "sounds/mob/nightmare/none",
        "sounds/mob/nightmare/none",
        "sounds/mob/nightmare/none",
        "sounds/mob/nightmare/none",
        "sounds/mob/nightmare/none",
        "sounds/mob/nightmare/none",
        "sounds/mob/nightmare/none",
        "sounds/mob/nightmare/none",
        "sounds/mob/nightmare/none",
        "sounds/mob/nightmare/none",
        "sounds/mob/nightmare/none",
        "sounds/mob/nightmare/none",
        "sounds/mob/nightmare/none",
        "sounds/mob/nightmare/none",
        "sounds/mob/nightmare/none",
        "sounds/mob/nightmare/none",
        "sounds/mob/nightmare/none",
        "sounds/mob/nightmare/none",
        "sounds/mob/nightmare/none",
        "sounds/mob/nightmare/none",
        "sounds/mob/nightmare/none",
        "sounds/mob/nightmare/none",
        "sounds/mob/nightmare/none",
        "sounds/mob/nightmare/none",
        "sounds/mob/nightmare/none",
        "sounds/mob/nightmare/none",
        "sounds/mob/nightmare/none",
        "sounds/mob/nightmare/none",
        "sounds/mob/nightmare/none",
        "sounds/mob/nightmare/none",
        "sounds/mob/nightmare/none",
        "sounds/mob/nightmare/none",
        "sounds/mob/nightmare/none",
        "sounds/mob/nightmare/none",
        "sounds/mob/nightmare/none",
        "sounds/mob/nightmare/none",
        "sounds/mob/nightmare/none",
        "sounds/mob/nightmare/none",
        "sounds/mob/nightmare/none",
        "sounds/mob/nightmare/none",
        "sounds/mob/nightmare/none",
        "sounds/mob/nightmare/none",
        "sounds/mob/nightmare/none",
        "sounds/mob/nightmare/none",
        "sounds/mob/nightmare/none",
        "sounds/mob/nightmare/none",
        "sounds/mob/nightmare/none",
        "sounds/mob/nightmare/none",
        "sounds/mob/nightmare/none",
        "sounds/mob/nightmare/none",
        "sounds/mob/nightmare/none",
        "sounds/mob/nightmare/none",
        "sounds/mob/nightmare/none",
        "sounds/mob/nightmare/none",
        "sounds/mob/nightmare/none",
        "sounds/mob/nightmare/none",
        "sounds/mob/nightmare/none",
        "sounds/mob/nightmare/none",
        "sounds/mob/nightmare/none",
        "sounds/mob/nightmare/none",
        "sounds/mob/nightmare/none",
        "sounds/mob/nightmare/none",
        "sounds/mob/nightmare/none",
        "sounds/mob/nightmare/none",
        "sounds/mob/nightmare/none",
        "sounds/mob/nightmare/none",
        "sounds/mob/nightmare/none",
        "sounds/mob/nightmare/none",
        "sounds/mob/nightmare/none",
        "sounds/mob/nightmare/none",
        "sounds/mob/nightmare/none",
        "sounds/mob/nightmare/none",
        "sounds/mob/nightmare/none",
        "sounds/mob/nightmare/none",
        "sounds/mob/nightmare/none",
        "sounds/mob/nightmare/none",
        "sounds/mob/nightmare/none",
        "sounds/mob/nightmare/none",
        "sounds/mob/nightmare/none",
        "sounds/mob/nightmare/none",
        "sounds/mob/nightmare/none",
        "sounds/mob/nightmare/none",
        "sounds/mob/nightmare/none",
        "sounds/mob/nightmare/none",
        "sounds/mob/nightmare/none",
        "sounds/mob/nightmare/none",
        "sounds/mob/nightmare/none",
        "sounds/mob/nightmare/none",
        "sounds/mob/nightmare/none",
        "sounds/mob/nightmare/none",
        "sounds/mob/nightmare/none",
        "sounds/mob/nightmare/none",
        "sounds/mob/nightmare/none",
        "sounds/mob/nightmare/none",
        "sounds/mob/nightmare/none",
        "sounds/mob/nightmare/none",
        "sounds/mob/nightmare/none",
        "sounds/mob/nightmare/none",
        "sounds/mob/nightmare/none",
        "sounds/mob/nightmare/none",
        "sounds/mob/nightmare/none",
        "sounds/mob/nightmare/none",
        "sounds/mob/nightmare/cavenoise_3",
        "sounds/mob/nightmare/cavenoise_4"
      ]
    },
    "mob.nightmare.amb": {
      "category": "hostile",
      "sounds": [
        "sounds/mob/nightmare/cavenoise_1",
        "sounds/mob/nightmare/cavenoise_2",
        "sounds/mob/nightmare/cavenoise_3",
        "sounds/mob/nightmare/cavenoise_4",
        "sounds/mob/nightmare/cavenoise_1",
        "sounds/mob/nightmare/cavenoise_2",
        "sounds/mob/nightmare/cavenoise_3",
        "sounds/mob/nightmare/cavenoise_4",
        "sounds/mob/nightmare/flee_1",
        "sounds/mob/nightmare/flee_2",
        "sounds/mob/nightmare/cavenoise_1",
        "sounds/mob/nightmare/cavenoise_2",
        "sounds/mob/nightmare/cavenoise_3"
      ]
    }
  }
}
