{
  "format_version": "1.8.0",
  "animations": {
    "animation.nightmare.idle": {
      "loop": true,
      "animation_length": 2,
      "bones": {
        "base": {
          "rotation": [
            0,
            0,
            0
          ],
          "position": [
            0,
            0,
            0
          ]
        },
        "head": {
          "rotation": [
            0,
            0,
            0
          ],
          "position": [
            0,
            0,
            0
          ]
        },
        "rightupperarm": {
          "rotation": [
            0,
            0,
            0
          ],
          "position": [
            0,
            0,
            0
          ]
        },
        "leftupperarm": {
          "rotation": [
            0,
            0,
            0
          ],
          "position": [
            0,
            0,
            0
          ]
        },
        "lowerbody": {
          "position": [
            0,
            -1,
            0
          ]
        }
      }
    },
    "animation.nightmare.crouch_run_new": {
      "loop": true,
      "animation_length": 0.5,
      "bones": {
        "lowerbody": {
          "rotation": {
            "0.0": [
              0,
              0,
              -17.5
            ],
            "0.3": [
              0,
              0,
              -25
            ],
            "0.5": [
              0,
              0,
              -17.5
            ]
          },
          "position": {
            "0.0": [
              0,
              -5,
              0
            ],
            "0.0667": [
              -0.25,
              -3.75,
              0.25
            ],
            "0.2333": [
              0,
              -4,
              0
            ],
            "0.3": [
              -0.25,
              -3.75,
              -0.25
            ],
            "0.5": [
              0,
              -5,
              0
            ]
          }
        },
        "upperbody": {
          "rotation": {
            "0.0": [
              0,
              0,
              -65.5
            ],
            "0.2667": [
              0,
              0,
              -58
            ],
            "0.5": [
              0,
              0,
              -65.5
            ]
          }
        },
        "neck": {
          "rotation": {
            "0.0": [
              0,
              0,
              60
            ],
            "0.1": [
              0,
              0,
              56
            ],
            "0.2333": [
              0,
              0,
              60
            ],
            "0.3333": [
              0,
              0,
              57
            ],
            "0.5": [
              0,
              0,
              60
            ]
          },
          "position": {
            "0.0": [
              3.3,
              0,
              0
            ],
            "0.2667": [
              2.8,
              0,
              0
            ],
            "0.5": [
              3.3,
              0,
              0
            ]
          }
        },
        "head": {
          "rotation": {
            "0.0": [
              0,
              0,
              27.5
            ],
            "0.0333": [
              49.92857,
              0,
              31.875
            ],
            "0.0667": [
              31.94048,
              0,
              36.25
            ],
            "0.1": [
              18.95238,
              0,
              40.625
            ],
            "0.1333": [
              5.96429,
              0,
              45
            ],
            "0.1667": [
              19.64286,
              0,
              49.375
            ],
            "0.2": [
              30.82143,
              0,
              53.75
            ],
            "0.2333": [
              17,
              0,
              58.125
            ],
            "0.2667": [
              0,
              0,
              62.5
            ],
            "0.3": [
              -14,
              0,
              62.5
            ],
            "0.3333": [
              46,
              0,
              62.5
            ],
            "0.3667": [
              -4,
              0,
              62.5
            ],
            "0.4": [
              37,
              0,
              62.5
            ],
            "0.4333": [
              -4,
              0,
              62.5
            ],
            "0.5": [
              0,
              0,
              27.5
            ]
          },
          "position": {
            "0.0": [
              0,
              1,
              0
            ],
            "0.1333": [
              0.2,
              2.05,
              0
            ],
            "0.2": [
              0.5,
              2.97,
              0
            ],
            "0.2333": [
              0.55,
              3.04,
              0
            ],
            "0.2667": [
              0.7,
              2.7,
              0
            ],
            "0.3667": [
              0.5,
              2.04,
              0
            ],
            "0.4333": [
              0.35,
              2.32,
              0
            ],
            "0.5": [
              0.2,
              1,
              0
            ]
          }
        },
        "jaw": {
          "rotation": {
            "0.0": [
              0,
              0,
              -45
            ],
            "0.2667": [
              0,
              0,
              -62
            ],
            "0.5": [
              0,
              0,
              -45
            ]
          }
        },
        "rightupperarm": {
          "rotation": {
            "0.0": [
              0.24133,
              -17.43127,
              135.9259
            ],
            "0.2667": [
              -3.77882,
              -18.13908,
              149.035
            ],
            "0.5": [
              0.24133,
              -17.43127,
              135.9259
            ]
          }
        },
        "rightlowerarm": {
          "rotation": {
            "0.0": [
              0,
              0,
              30
            ],
            "0.2667": [
              0,
              0,
              10
            ],
            "0.5": [
              0,
              0,
              30
            ]
          }
        },
        "leftupperarm": {
          "rotation": [
            0,
            0,
            47.5
          ]
        },
        "leftlowerarm": {
          "rotation": {
            "0.0": [
              0,
              0,
              10
            ],
            "0.2667": [
              0,
              0,
              22.5
            ],
            "0.5": [
              0,
              0,
              10
            ]
          },
          "position": {
            "0.0": [
              0,
              0,
              0
            ],
            "0.2667": [
              0.5,
              0,
              0
            ],
            "0.5": [
              0,
              0,
              0
            ]
          }
        },
        "upperleftleg": {
          "rotation": {
            "0.0": [
              0,
              0,
              86
            ],
            "0.2333": [
              -7,
              0,
              -16.5
            ],
            "0.5": [
              0,
              0,
              86
            ]
          }
        },
        "lowerleftleg": {
          "rotation": {
            "0.0": [
              0,
              0,
              -80
            ],
            "0.1": [
              0,
              0,
              -92.86
            ],
            "0.2333": [
              0,
              0,
              -57.5
            ],
            "0.3667": [
              0,
              0,
              -95
            ],
            "0.5": [
              0,
              0,
              -87.5
            ]
          }
        },
        "upperrightleg": {
          "rotation": {
            "0.0": [
              10,
              0,
              -27.5
            ],
            "0.2333": [
              0,
              0,
              85
            ],
            "0.5": [
              10,
              0,
              -27.5
            ]
          }
        },
        "lowerrightleg": {
          "rotation": {
            "0.0": [
              0,
              0,
              -60
            ],
            "0.1333": [
              0,
              0,
              -96.79
            ],
            "0.2333": [
              0,
              0,
              -85
            ],
            "0.3667": [
              0,
              0,
              -95
            ],
            "0.5": [
              0,
              0,
              -60
            ]
          }
        },
        "righthand": {
          "rotation": {
            "0.0": [
              0,
              0,
              0
            ],
            "0.2667": [
              35.06695,
              -69.26172,
              58.25703
            ],
            "0.5": [
              0,
              0,
              0
            ]
          },
          "position": {
            "0.0": [
              0,
              0,
              0
            ],
            "0.1": [
              -0.45,
              0.06,
              0
            ],
            "0.2667": [
              -1.2,
              1,
              0.8
            ],
            "0.5": [
              0,
              0,
              0
            ]
          }
        },
        "lowerlowerLeftArm": {
          "rotation": {
            "0.0": [
              0,
              0,
              -35
            ],
            "0.2667": [
              0,
              0,
              -54
            ],
            "0.5": [
              0,
              0,
              -35
            ]
          }
        },
        "lefthand": {
          "rotation": [
            -168.85157,
            22.52101,
            -187.77356
          ],
          "position": [
            1.5,
            0,
            0
          ]
        },
        "leftfoot": {
          "rotation": [
            0,
            0,
            12.5
          ]
        },
        "rightfoot": {
          "rotation": {
            "0.0": [
              0,
              0,
              0
            ],
            "0.1667": [
              0,
              0,
              17.5
            ]
          }
        }
      }
    },
    "animation.nightmare.crouch_idle": {
      "loop": true,
      "animation_length": 0.5,
      "bones": {
        "lowerbody": {
          "rotation": {
            "0.0": [
              0,
              0,
              -17.5
            ],
            "0.5": [
              0,
              0,
              -17.5
            ]
          },
          "position": {
            "0.0": [
              0,
              -4.4,
              0
            ],
            "0.2": [
              0,
              -4.4,
              0
            ],
            "0.5": [
              0,
              -4.4,
              0
            ]
          }
        },
        "upperbody": {
          "rotation": {
            "0.0": [
              0,
              0,
              -65.5
            ],
            "0.2": [
              0,
              0,
              -70.5
            ],
            "0.5": [
              0,
              0,
              -65.5
            ]
          }
        },
        "neck": {
          "rotation": [
            0,
            0,
            60
          ],
          "position": [
            2.5,
            -0.5,
            0
          ]
        },
        "head": {
          "rotation": {
            "0.0": [
              -67.5,
              0,
              27.5
            ],
            "0.2": [
              -67.5,
              0,
              27.5
            ],
            "0.3": [
              -90,
              0,
              27.5
            ],
            "0.4": [
              -7.5,
              0,
              27.5
            ],
            "0.5": [
              -67.5,
              0,
              27.5
            ]
          },
          "position": [
            0,
            2.5,
            0
          ]
        },
        "jaw": {
          "rotation": {
            "0.0": [
              0,
              0,
              -73
            ],
            "0.2": [
              0,
              0,
              -30.5
            ],
            "0.5": [
              0,
              0,
              -73
            ]
          }
        },
        "rightupperarm": {
          "rotation": {
            "0.0": [
              16.27017,
              -5.7638,
              80.85393
            ],
            "0.2": [
              23.77017,
              -5.7638,
              80.85393
            ],
            "0.5": [
              16.27017,
              -5.7638,
              80.85393
            ]
          }
        },
        "rightlowerarm": {
          "rotation": {
            "0.0": [
              -42.5,
              0,
              0
            ],
            "0.2": [
              -35,
              0,
              0
            ],
            "0.5": [
              -42.5,
              0,
              0
            ]
          }
        },
        "leftupperarm": {
          "rotation": {
            "0.0": [
              0,
              0,
              57.5
            ],
            "0.2": [
              0,
              0,
              72.5
            ],
            "0.5": [
              0,
              0,
              57.5
            ]
          }
        },
        "leftlowerarm": {
          "rotation": {
            "0.0": [
              0,
              0,
              -20
            ],
            "0.5": [
              0,
              0,
              -20
            ]
          },
          "position": {
            "0.0": [
              -0.8,
              0,
              0
            ],
            "0.5": [
              -0.8,
              0,
              0
            ]
          }
        },
        "upperleftleg": {
          "rotation": [
            0,
            0,
            63.5
          ]
        },
        "lowerleftleg": {
          "rotation": [
            0,
            0,
            -72.5
          ]
        },
        "upperrightleg": {
          "rotation": {
            "0.0": [
              0.43458,
              -2.99058,
              60.01526
            ],
            "0.5": [
              0.43458,
              -2.99058,
              60.01526
            ]
          }
        },
        "lowerrightleg": {
          "rotation": {
            "0.0": [
              0,
              0,
              -77.5
            ],
            "0.5": [
              0,
              0,
              -77.5
            ]
          }
        },
        "righthand": {
          "rotation": {
            "0.0": [
              111.55613,
              -93.38552,
              92.30286
            ],
            "0.2": [
              113.02958,
              -74.85193,
              99.99519
            ],
            "0.5": [
              111.55613,
              -93.38552,
              92.30286
            ]
          },
          "position": {
            "0.0": [
              0.9,
              2.4,
              1.9
            ],
            "0.2": [
              0.9,
              1.5,
              1.9
            ],
            "0.5": [
              0.9,
              2.4,
              1.9
            ]
          }
        },
        "lowerlowerLeftArm": {
          "rotation": {
            "0.0": [
              0,
              0,
              -20
            ],
            "0.2": [
              0,
              0,
              -50
            ],
            "0.5": [
              0,
              0,
              -20
            ]
          }
        },
        "lefthand": {
          "rotation": {
            "0.0": [
              -54.89549,
              -20.88127,
              -14.06573
            ],
            "0.2": [
              39.37366,
              -46.91981,
              -42.94218
            ],
            "0.5": [
              -54.89549,
              -20.88127,
              -14.06573
            ]
          },
          "position": {
            "0.0": [
              -0.2,
              0.3,
              0
            ],
            "0.5": [
              -0.2,
              0.3,
              0
            ]
          }
        },
        "leftfoot": {
          "rotation": {
            "0.0": [
              0,
              0,
              32.5
            ],
            "0.5": [
              0,
              0,
              32.5
            ]
          }
        },
        "rightfoot": {
          "rotation": {
            "0.0": [
              0,
              0,
              38
            ],
            "0.5": [
              0,
              0,
              38
            ]
          },
          "position": {
            "0.0": [
              -0.6,
              0.4,
              0
            ],
            "0.5": [
              -0.6,
              0.4,
              0
            ]
          }
        }
      }
    },
    "animation.nightmare.new_run": {
      "loop": true,
      "animation_length": 2.6667,
      "bones": {
        "lowerbody": {
          "rotation": {
            "0.0": [
              0,
              0,
              -17.5
            ],
            "0.2667": [
              0,
              0,
              -30
            ],
            "0.5333": [
              0,
              0,
              -17.5
            ],
            "0.8": [
              0,
              0,
              -30
            ],
            "1.0667": [
              0,
              0,
              -17.5
            ],
            "1.3333": [
              0,
              0,
              -30
            ],
            "1.6": [
              0,
              0,
              -17.5
            ],
            "1.8667": [
              0,
              0,
              -30
            ],
            "2.1333": [
              0,
              0,
              -17.5
            ],
            "2.4": [
              0,
              0,
              -30
            ],
            "2.6667": [
              0,
              0,
              -17.5
            ]
          },
          "position": {
            "0.0": [
              0,
              -3,
              0
            ],
            "0.5333": [
              0,
              -3,
              0
            ],
            "1.0667": [
              0,
              -3,
              0
            ],
            "1.6": [
              0,
              -3,
              0
            ],
            "2.1333": [
              0,
              -3,
              0
            ],
            "2.6667": [
              0,
              -3,
              0
            ]
          }
        },
        "upperbody": {
          "rotation": {
            "0.0": [
              0,
              0,
              -60
            ],
            "0.2667": [
              0,
              0,
              -47.5
            ],
            "0.5333": [
              0,
              0,
              -60
            ],
            "0.8": [
              0,
              0,
              -47.5
            ],
            "1.0667": [
              0,
              0,
              -60
            ],
            "1.3333": [
              0,
              0,
              -47.5
            ],
            "1.6": [
              0,
              0,
              -60
            ],
            "1.8667": [
              0,
              0,
              -47.5
            ],
            "2.1333": [
              0,
              0,
              -60
            ],
            "2.4": [
              0,
              0,
              -47.5
            ],
            "2.6667": [
              0,
              0,
              -60
            ]
          }
        },
        "neck": {
          "rotation": {
            "0.0": [
              0,
              0,
              82.5
            ],
            "0.2667": [
              0,
              0,
              65
            ],
            "0.5333": [
              0,
              0,
              82.5
            ],
            "2.4": [
              0,
              0,
              65
            ],
            "2.6667": [
              0,
              0,
              82.5
            ]
          },
          "position": {
            "0.0": [
              3,
              -1,
              0
            ],
            "0.5333": [
              3,
              -1,
              0
            ],
            "2.6667": [
              3,
              -1,
              0
            ]
          }
        },
        "head": {
          "rotation": {
            "0.0": [
              -27.5,
              0,
              0
            ],
            "0.2667": [
              27.5,
              0,
              0
            ],
            "0.5333": [
              -27.5,
              0,
              0
            ],
            "0.8": [
              27.5,
              0,
              0
            ],
            "1.0667": [
              -27.5,
              0,
              0
            ],
            "1.3333": [
              27.5,
              0,
              0
            ],
            "1.6": [
              -27.5,
              0,
              0
            ],
            "1.8667": [
              27.5,
              0,
              0
            ],
            "2.1333": [
              -27.5,
              0,
              0
            ],
            "2.4": [
              27.5,
              0,
              0
            ],
            "2.6667": [
              -27.5,
              0,
              0
            ]
          }
        },
        "jaw": {
          "rotation": {
            "0.0": [
              0,
              0,
              -27.5
            ],
            "0.2667": [
              0,
              0,
              22.5
            ],
            "0.5333": [
              0,
              0,
              -27.5
            ],
            "0.8": [
              0,
              0,
              22.5
            ],
            "1.0667": [
              0,
              0,
              -27.5
            ],
            "1.3333": [
              0,
              0,
              22.5
            ],
            "1.6": [
              0,
              0,
              -27.5
            ],
            "1.8667": [
              0,
              0,
              22.5
            ],
            "2.1333": [
              0,
              0,
              -27.5
            ],
            "2.4": [
              0,
              0,
              22.5
            ],
            "2.6667": [
              0,
              0,
              -27.5
            ]
          }
        },
        "rightupperarm": {
          "rotation": {
            "0.0": [
              -0.16256,
              49.96678,
              115.53418
            ],
            "0.2667": [
              74.83744,
              49.96678,
              115.53418
            ],
            "0.5333": [
              -0.16256,
              49.96678,
              115.53418
            ],
            "0.8": [
              74.83744,
              49.96678,
              115.53418
            ],
            "1.0667": [
              -0.16256,
              49.96678,
              115.53418
            ],
            "1.3333": [
              45.42069,
              53.80828,
              196.80272
            ],
            "1.6": [
              25.42069,
              53.80828,
              196.80272
            ],
            "1.8667": [
              37.92069,
              53.80828,
              196.80272
            ],
            "2.1333": [
              25.42069,
              53.80828,
              196.80272
            ],
            "2.4": [
              42.92069,
              53.80828,
              196.80272
            ],
            "2.6667": [
              -0.16256,
              49.96678,
              115.53418
            ]
          }
        },
        "rightlowerarm": {
          "rotation": {
            "0.0": [
              -22.5,
              -70,
              0
            ],
            "0.5333": [
              -22.5,
              -70,
              0
            ],
            "1.0667": [
              -22.5,
              -70,
              0
            ],
            "1.3333": [
              -49.99526,
              -58.07176,
              30.28827
            ],
            "1.6": [
              -47.52726,
              -60.08874,
              27.41203
            ],
            "1.8667": [
              -47.52726,
              -60.08874,
              27.41203
            ],
            "2.1333": [
              -52.14729,
              -55.99696,
              32.85271
            ],
            "2.3333": [
              -41.41152,
              -63.89547,
              20.49069
            ],
            "2.4": [
              -53.74291,
              -53.36975,
              35.00383
            ],
            "2.6667": [
              -22.5,
              -70,
              0
            ]
          },
          "position": {
            "0.0": [
              0,
              0,
              0
            ],
            "2.3333": [
              0,
              0,
              -0.3
            ]
          }
        },
        "righthand": {
          "rotation": {
            "0.0": [
              10.29354,
              -56.13033,
              16.14054
            ],
            "0.2667": [
              -22.76048,
              -61.17416,
              -37.0045
            ],
            "0.5333": [
              10.29354,
              -56.13033,
              16.14054
            ],
            "0.8": [
              -22.76048,
              -61.17416,
              -37.0045
            ],
            "1.3333": [
              33.6518,
              -71.96432,
              59.55271
            ],
            "1.6667": [
              36.7584,
              -105.80304,
              13.70684
            ],
            "1.9333": [
              48.94754,
              -61.51622,
              33.83377
            ],
            "2.2": [
              68.0086,
              -54.3909,
              75.57682
            ],
            "2.4": [
              10.29354,
              -56.13033,
              16.14054
            ]
          },
          "position": {
            "0.0": [
              -0.7,
              0.5,
              0
            ],
            "0.2667": [
              1,
              0.5,
              -1.6
            ],
            "0.5333": [
              -0.7,
              0.5,
              0
            ],
            "0.8": [
              1,
              0.5,
              -1.6
            ],
            "1.3333": [
              -1.3,
              1.6,
              0.6
            ],
            "1.9333": [
              0.14,
              0.98,
              1.36
            ],
            "2.2": [
              -0.34,
              0.71,
              1.68
            ],
            "2.4": [
              -0.7,
              0.5,
              0
            ]
          }
        },
        "leftupperarm": {
          "rotation": {
            "0.0": [
              0,
              0,
              65
            ],
            "0.2667": [
              0,
              0,
              110
            ],
            "0.5333": [
              0,
              0,
              65
            ],
            "0.8": [
              0,
              0,
              110
            ],
            "1.0667": [
              0,
              0,
              65
            ],
            "1.3333": [
              0,
              0,
              110
            ],
            "1.6": [
              0,
              0,
              65
            ],
            "1.8667": [
              0,
              0,
              110
            ],
            "2.1333": [
              0,
              0,
              65
            ],
            "2.4": [
              0,
              0,
              110
            ],
            "2.6667": [
              0,
              0,
              65
            ]
          }
        },
        "leftlowerarm": {
          "rotation": {
            "0.0": [
              0,
              0,
              -32.5
            ],
            "0.2667": [
              1.70243,
              42.30432,
              -57.99569
            ],
            "0.5333": [
              0,
              0,
              -32.5
            ],
            "0.8": [
              1.70243,
              42.30432,
              -57.99569
            ],
            "1.0667": [
              0,
              0,
              -32.5
            ],
            "1.3333": [
              1.70243,
              42.30432,
              -57.99569
            ],
            "1.6": [
              0,
              0,
              -32.5
            ],
            "1.8667": [
              1.70243,
              42.30432,
              -57.99569
            ],
            "2.1333": [
              0,
              0,
              -32.5
            ],
            "2.4": [
              1.70243,
              42.30432,
              -57.99569
            ],
            "2.6667": [
              0,
              0,
              -32.5
            ]
          },
          "position": {
            "0.0": [
              -0.6,
              -0.2,
              0
            ],
            "0.2667": [
              -1.3,
              -0.75,
              0
            ],
            "0.5333": [
              -0.6,
              -0.2,
              0
            ],
            "0.8": [
              -1.3,
              -0.75,
              0
            ],
            "1.0667": [
              -0.6,
              -0.2,
              0
            ],
            "1.3333": [
              -1.3,
              -0.75,
              0
            ],
            "1.6": [
              -0.6,
              -0.2,
              0
            ],
            "1.8667": [
              -1.3,
              -0.75,
              0
            ],
            "2.1333": [
              -0.6,
              -0.2,
              0
            ],
            "2.4": [
              -1.3,
              -0.75,
              0
            ],
            "2.6667": [
              -0.6,
              -0.2,
              0
            ]
          }
        },
        "lefthand": {
          "rotation": {
            "0.0": [
              -163.9357,
              48.17193,
              -192.27435
            ],
            "0.2667": [
              -139.53395,
              32.61027,
              -155.68601
            ],
            "0.5333": [
              -163.9357,
              48.17193,
              -192.27435
            ],
            "0.8": [
              -139.53395,
              32.61027,
              -155.68601
            ],
            "1.0667": [
              -163.9357,
              48.17193,
              -192.27435
            ],
            "1.3333": [
              -139.53395,
              32.61027,
              -155.68601
            ],
            "1.6": [
              -163.9357,
              48.17193,
              -192.27435
            ],
            "1.8667": [
              -139.53395,
              32.61027,
              -155.68601
            ],
            "2.1333": [
              -163.9357,
              48.17193,
              -192.27435
            ],
            "2.4": [
              -163.9357,
              48.17193,
              -192.27435
            ]
          },
          "position": {
            "0.0": [
              1,
              0.3,
              0.7
            ],
            "0.2667": [
              1.2,
              -0.2,
              0.7
            ],
            "0.5333": [
              1,
              0.3,
              0.7
            ],
            "0.8": [
              1.2,
              -0.2,
              0.7
            ],
            "1.0667": [
              1,
              0.3,
              0.7
            ],
            "1.3333": [
              1.2,
              -0.2,
              0.7
            ],
            "1.6": [
              1,
              0.3,
              0.7
            ],
            "1.8667": [
              1.2,
              -0.2,
              0.7
            ],
            "2.1333": [
              1,
              0.3,
              0.7
            ],
            "2.4": [
              1,
              0.3,
              0.7
            ]
          }
        },
        "upperleftleg": {
          "rotation": {
            "0.0": [
              0,
              0,
              70
            ],
            "0.2667": [
              0,
              0,
              -37.5
            ],
            "0.5333": [
              0,
              0,
              70
            ],
            "0.8": [
              0,
              0,
              -37.5
            ],
            "1.0667": [
              0,
              0,
              70
            ],
            "1.3333": [
              0,
              0,
              -37.5
            ],
            "1.6": [
              0,
              0,
              70
            ],
            "1.8667": [
              0,
              0,
              -37.5
            ],
            "2.1333": [
              0,
              0,
              70
            ],
            "2.4": [
              0,
              0,
              -37.5
            ],
            "2.6667": [
              0,
              0,
              70
            ]
          }
        },
        "lowerleftleg": {
          "rotation": {
            "0.0": [
              0,
              0,
              -27.5
            ],
            "0.5333": [
              0,
              0,
              -27.5
            ],
            "1.0667": [
              0,
              0,
              -27.5
            ],
            "1.6": [
              0,
              0,
              -27.5
            ],
            "2.1333": [
              0,
              0,
              -27.5
            ],
            "2.4": [
              0,
              0,
              -27.5
            ],
            "2.6667": [
              0,
              0,
              -27.5
            ]
          }
        },
        "leftfoot": {
          "rotation": {
            "0.0": [
              0,
              0,
              0
            ],
            "0.2667": [
              0,
              0,
              -35
            ],
            "0.5333": [
              0,
              0,
              0
            ],
            "0.8": [
              0,
              0,
              -35
            ],
            "1.0667": [
              0,
              0,
              0
            ],
            "1.3333": [
              0,
              0,
              -35
            ],
            "1.6": [
              0,
              0,
              0
            ],
            "1.8667": [
              0,
              0,
              -35
            ],
            "2.1333": [
              0,
              0,
              0
            ],
            "2.4": [
              0,
              0,
              -35
            ],
            "2.6667": [
              0,
              0,
              0
            ]
          },
          "position": {
            "0.0": [
              0,
              0,
              0
            ],
            "0.2667": [
              0.8,
              0,
              0
            ],
            "0.5333": [
              0,
              0,
              0
            ],
            "0.8": [
              0.8,
              0,
              0
            ],
            "1.0667": [
              0,
              0,
              0
            ],
            "1.3333": [
              0.8,
              0,
              0
            ],
            "1.6": [
              0,
              0,
              0
            ],
            "1.8667": [
              0.8,
              0,
              0
            ],
            "2.1333": [
              0,
              0,
              0
            ],
            "2.4": [
              0.8,
              0,
              0
            ],
            "2.6667": [
              0,
              0,
              0
            ]
          }
        },
        "upperrightleg": {
          "rotation": {
            "0.0": [
              0,
              0,
              -35
            ],
            "0.2667": [
              0,
              0,
              90
            ],
            "0.5333": [
              0,
              0,
              -35
            ],
            "0.8": [
              0,
              0,
              90
            ],
            "1.0667": [
              0,
              0,
              -35
            ],
            "1.3333": [
              0,
              0,
              90
            ],
            "1.6": [
              0,
              0,
              -35
            ],
            "1.8667": [
              0,
              0,
              90
            ],
            "2.1333": [
              0,
              0,
              -35
            ],
            "2.4": [
              0,
              0,
              90
            ],
            "2.6667": [
              0,
              0,
              -35
            ]
          }
        },
        "lowerrightleg": {
          "rotation": {
            "0.0": [
              0,
              0,
              -67.5
            ],
            "0.2667": [
              0,
              0,
              -32.5
            ],
            "0.5333": [
              0,
              0,
              -67.5
            ],
            "0.8": [
              0,
              0,
              -32.5
            ],
            "1.0667": [
              0,
              0,
              -67.5
            ],
            "1.3333": [
              0,
              0,
              -32.5
            ],
            "1.6": [
              0,
              0,
              -67.5
            ],
            "1.8667": [
              0,
              0,
              -32.5
            ],
            "2.1333": [
              0,
              0,
              -67.5
            ],
            "2.4": [
              0,
              0,
              -32.5
            ],
            "2.6667": [
              0,
              0,
              -67.5
            ]
          }
        },
        "rightfoot": {
          "rotation": {
            "0.0": [
              0,
              0,
              -17.5
            ],
            "0.5333": [
              0,
              0,
              -17.5
            ],
            "1.0667": [
              0,
              0,
              -17.5
            ],
            "1.6": [
              0,
              0,
              -17.5
            ],
            "2.1333": [
              0,
              0,
              -17.5
            ],
            "2.4": [
              0,
              0,
              -17.5
            ],
            "2.6667": [
              0,
              0,
              -17.5
            ]
          },
          "position": {
            "0.0": [
              0.6,
              0,
              0
            ],
            "0.5333": [
              0.6,
              0,
              0
            ],
            "1.0667": [
              0.6,
              0,
              0
            ],
            "1.6": [
              0.6,
              0,
              0
            ],
            "2.1333": [
              0.6,
              0,
              0
            ],
            "2.4": [
              0.6,
              0,
              0
            ],
            "2.6667": [
              0.6,
              0,
              0
            ]
          }
        },
        "lowerlowerLeftArm": {
          "rotation": {
            "0.0": [
              0,
              0,
              -6
            ],
            "0.2667": [
              0,
              0,
              -47.5
            ],
            "0.5333": [
              0,
              0,
              -6
            ],
            "0.8": [
              0,
              0,
              -47.5
            ],
            "1.0667": [
              0,
              0,
              -6
            ],
            "1.3333": [
              0,
              0,
              -47.5
            ],
            "1.6": [
              0,
              0,
              -6
            ],
            "1.8667": [
              0,
              0,
              -47.5
            ],
            "2.1333": [
              0,
              0,
              -6
            ],
            "2.4": [
              0,
              0,
              -47.5
            ],
            "2.6667": [
              0,
              0,
              -6
            ]
          }
        }
      }
    },
    "animation.nightmare.run_idle": {
      "loop": true,
      "animation_length": 1.5,
      "bones": {
        "upperleftleg": {
          "rotation": [
            -0.69275,
            1.33048,
            14.99196
          ]
        },
        "upperrightleg": {
          "rotation": [
            -2.59867,
            -1.49949,
            20.03401
          ]
        },
        "lowerbody": {
          "rotation": [
            0,
            0,
            -12.5
          ],
          "position": [
            0,
            0,
            0
          ]
        },
        "upperbody": {
          "rotation": [
            0,
            0,
            0
          ],
          "position": {
            "0.0": [
              0,
              0,
              0
            ],
            "0.5": [
              0,
              0.3,
              0
            ],
            "1.5": [
              0,
              0,
              0
            ]
          }
        },
        "neck": {
          "rotation": [
            0,
            0,
            12.5
          ]
        },
        "head": {
          "rotation": {
            "0.0": [
              0,
              0,
              17.5
            ],
            "0.2083": [
              0,
              0,
              17.5
            ],
            "0.25": [
              107.5,
              0,
              17.5
            ],
            "0.2917": [
              0,
              0,
              17.5
            ]
          }
        },
        "jaw": {
          "rotation": [
            0,
            0,
            -45
          ]
        },
        "rightupperarm": {
          "rotation": {
            "0.0": [
              4.96221,
              11.82821,
              2.09381
            ],
            "0.75": [
              3.3284,
              13.02203,
              -5.48856
            ],
            "1.5": [
              4.96221,
              11.82821,
              2.09381
            ]
          }
        },
        "rightlowerarm": {
          "rotation": [
            0,
            0,
            57.5
          ]
        },
        "leftupperarm": {
          "rotation": [
            -9.38941,
            -14.7033,
            16.25889
          ]
        },
        "leftlowerarm": {
          "rotation": [
            0,
            0,
            25
          ]
        },
        "lowerleftleg": {
          "rotation": [
            0,
            0,
            0
          ]
        },
        "lowerrightleg": {
          "rotation": [
            0,
            0,
            -10
          ]
        },
        "lefthand": {
          "rotation": {
            "0.0": [
              0,
              0,
              0
            ],
            "0.75": [
              0,
              0,
              -37.5
            ],
            "1.5": [
              0,
              0,
              0
            ]
          }
        },
        "lowerlowerLeftArm": {
          "rotation": {
            "0.0": [
              0,
              0,
              0
            ],
            "0.75": [
              0,
              0,
              -32.5
            ],
            "1.5": [
              0,
              0,
              0
            ]
          }
        }
      }
    },
    "animation.nightmare.calm_move": {
      "loop": true,
      "animation_length": 1,
      "bones": {
        "upperbody": {
          "rotation": {
            "0.0": [
              0,
              0,
              -7.5
            ],
            "0.375": [
              0,
              0,
              -9
            ],
            "0.75": [
              0,
              0,
              -7.5
            ]
          }
        },
        "neck": {
          "rotation": {
            "0.0": [
              0,
              0,
              5
            ],
            "0.5": [
              0,
              0,
              -8
            ],
            "1.0": [
              0,
              0,
              5
            ]
          },
          "position": {
            "0.0": [
              0,
              0,
              0
            ],
            "0.5": [
              -0.7,
              0,
              0
            ],
            "1.0": [
              0,
              0,
              0
            ]
          }
        },
        "rightupperarm": {
          "rotation": {
            "0.0": [
              8.74634,
              -4.72907,
              -17.25096
            ],
            "0.5": [
              2.00223,
              -12.75451,
              25.03581
            ],
            "1.0": [
              8.74634,
              -4.72907,
              -17.25096
            ]
          }
        },
        "rightlowerarm": {
          "rotation": {
            "0.0": [
              0,
              0,
              15
            ],
            "1.0": [
              0,
              0,
              15
            ]
          }
        },
        "leftupperarm": {
          "rotation": {
            "0.0": [
              -3.43223,
              17.08091,
              32.0755
            ],
            "0.5": [
              -9.35029,
              12.57529,
              9.25466
            ],
            "1.0": [
              -3.43223,
              17.08091,
              32.0755
            ]
          }
        },
        "leftlowerarm": {
          "rotation": {
            "0.0": [
              0,
              0,
              -17.5
            ],
            "1.0": [
              0,
              0,
              -17.5
            ]
          },
          "position": {
            "0.0": [
              -0.6,
              0,
              0
            ],
            "1.0": [
              -0.6,
              0,
              0
            ]
          },
          "scale": {
            "0.0": [
              1,
              1.3,
              1
            ],
            "1.0": [
              1,
              1.3,
              1
            ]
          }
        },
        "upperleftleg": {
          "rotation": {
            "0.0": [
              0,
              0,
              -32.5
            ],
            "0.5": [
              0,
              0,
              50.5
            ],
            "1.0": [
              0,
              0,
              -32.5
            ]
          }
        },
        "lowerleftleg": {
          "rotation": {
            "0.0": [
              0,
              0,
              -7.5
            ],
            "0.5": [
              0,
              0,
              -32.5
            ],
            "1.0": [
              0,
              0,
              -7.5
            ]
          }
        },
        "upperrightleg": {
          "rotation": {
            "0.0": [
              0,
              0,
              47.5
            ],
            "0.5": [
              0,
              0,
              -29.5
            ],
            "1.0": [
              0,
              0,
              47.5
            ]
          }
        },
        "lowerrightleg": {
          "rotation": {
            "0.0": [
              0,
              0,
              -33.5
            ],
            "0.5": [
              0,
              0,
              -16
            ],
            "1.0": [
              0,
              0,
              -33.5
            ]
          }
        },
        "jaw": {
          "rotation": {
            "0.0": [
              0,
              0,
              0
            ],
            "0.5": [
              0,
              0,
              -21
            ],
            "1.0": [
              0,
              0,
              0
            ]
          }
        },
        "righthand": {
          "rotation": {
            "0.0": [
              0,
              -44,
              0
            ],
            "0.5": [
              -22.89724,
              -48.09027,
              -30.04313
            ],
            "1.0": [
              0,
              -44,
              0
            ]
          },
          "position": {
            "0.0": [
              0,
              0,
              0
            ],
            "0.5": [
              0.5,
              0,
              -0.8
            ],
            "1.0": [
              0,
              0,
              0
            ]
          }
        },
        "lefthand": {
          "rotation": {
            "0.0": [
              -178.87068,
              5.50881,
              -240.39855
            ],
            "0.5": [
              -236.24193,
              28.81577,
              -302.79045
            ],
            "1.0": [
              -198.87068,
              5.50881,
              -240.39855
            ]
          },
          "position": {
            "0.0": [
              1.1,
              0.6,
              0.6
            ],
            "0.5": [
              0.2,
              0.2,
              1.2
            ],
            "1.0": [
              1.1,
              0.6,
              0.6
            ]
          }
        },
        "leftfoot": {
          "rotation": {
            "0.0": [
              0,
              0,
              7.5
            ],
            "0.5": [
              0,
              0,
              -14
            ],
            "1.0": [
              0,
              0,
              7.5
            ]
          },
          "position": {
            "0.0": [
              0,
              0,
              0
            ],
            "0.5": [
              0.8,
              0,
              0
            ],
            "1.0": [
              0,
              0,
              0
            ]
          }
        },
        "rightfoot": {
          "rotation": {
            "0.0": [
              0,
              0,
              -15
            ],
            "0.1875": [
              0,
              0,
              8.63
            ],
            "0.5": [
              0,
              0,
              -31
            ],
            "1.0": [
              0,
              0,
              -15
            ]
          },
          "position": {
            "0.0": [
              0,
              0,
              0
            ],
            "0.5": [
              0.9,
              0,
              0
            ],
            "1.0": [
              0.4,
              0,
              0
            ]
          }
        },
        "lowerlowerLeftArm": {
          "rotation": {
            "0.0": [
              0,
              0,
              14
            ],
            "0.5": [
              0,
              0,
              1.5
            ],
            "1.0": [
              0,
              0,
              14
            ]
          }
        },
        "lowerbody": {
          "rotation": {
            "0.0": [
              0,
              0,
              0
            ],
            "0.5": [
              0,
              0,
              -5
            ],
            "1.0": [
              0,
              0,
              0
            ]
          },
          "position": [
            0,
            -2,
            0
          ]
        }
      }
    },
    "animation.nightmare.calm_idle": {
      "loop": true,
      "animation_length": 2,
      "bones": {
        "upperbody": {
          "rotation": {
            "0.0": [
              0,
              0,
              -7.5
            ],
            "1.0": [
              0,
              0,
              -17.5
            ],
            "2.0": [
              0,
              0,
              -7.5
            ]
          }
        },
        "neck": {
          "rotation": [
            0,
            0,
            5
          ]
        },
        "rightupperarm": {
          "rotation": {
            "0.0": [
              3.20084,
              -12.02636,
              19.45408
            ],
            "2.0": [
              3.20084,
              -12.02636,
              19.45408
            ]
          }
        },
        "rightlowerarm": {
          "rotation": {
            "0.0": [
              0,
              0,
              4.5
            ],
            "1.1": [
              -17.5,
              0,
              4.5
            ],
            "2.0": [
              0,
              0,
              4.5
            ]
          }
        },
        "leftupperarm": {
          "rotation": {
            "0.0": [
              -10.83853,
              10.61945,
              1.86266
            ],
            "2.0": [
              -10.83853,
              10.61945,
              1.86266
            ]
          }
        },
        "leftlowerarm": {
          "rotation": {
            "0.0": [
              -169.96166,
              -65.40688,
              151.39863
            ],
            "1.1": [
              -144.96166,
              -65.40688,
              151.39863
            ],
            "2.0": [
              -169.96166,
              -65.40688,
              151.39863
            ]
          },
          "position": {
            "0.0": [
              -0.4,
              0.1,
              0
            ],
            "2.0": [
              -0.4,
              0.1,
              0
            ]
          }
        },
        "upperleftleg": {
          "rotation": {
            "0.0": [
              -378.85624,
              -35.09889,
              -332.34746
            ],
            "2.0": [
              -378.85624,
              -35.09889,
              -332.34746
            ]
          },
          "position": {
            "0.0": [
              0,
              0,
              -0.8
            ],
            "2.0": [
              0,
              0,
              -0.8
            ]
          }
        },
        "lowerleftleg": {
          "rotation": [
            0,
            0,
            -17.5
          ]
        },
        "upperrightleg": {
          "rotation": {
            "0.0": [
              7.58967,
              36.83503,
              20.03061
            ],
            "2.0": [
              7.58967,
              36.83503,
              20.03061
            ]
          }
        },
        "lowerrightleg": {
          "rotation": [
            0,
            0,
            -18.5
          ]
        },
        "lowerbody": {
          "rotation": [
            0,
            0,
            0
          ],
          "position": [
            0,
            -1.2,
            0
          ]
        },
        "head": {
          "rotation": {
            "0.0": [
              0,
              0,
              30
            ],
            "2.0": [
              0,
              0,
              30
            ]
          },
          "position": {
            "0.0": [
              0,
              2,
              0
            ],
            "2.0": [
              0,
              2,
              0
            ]
          }
        },
        "jaw": {
          "rotation": {
            "0.0": [
              0,
              0,
              -45
            ],
            "1.0": [
              0,
              0,
              1
            ],
            "2.0": [
              0,
              0,
              -45
            ]
          }
        },
        "righthand": {
          "rotation": {
            "0.0": [
              -162.02886,
              -12.54045,
              -153.47629
            ],
            "1.1": [
              -247.47744,
              -24.01833,
              -240.18684
            ],
            "2.0": [
              -162.02886,
              -12.54045,
              -153.47629
            ]
          },
          "position": {
            "0.0": [
              -0.3,
              0.2,
              -0.1
            ],
            "1.1": [
              -0.1,
              0.3,
              0.8
            ],
            "2.0": [
              -0.3,
              0.2,
              -0.1
            ]
          }
        },
        "lefthand": {
          "rotation": {
            "0.0": [
              -158.78565,
              52.25869,
              -158.96204
            ],
            "1.1": [
              -116.28565,
              52.25869,
              -158.96204
            ]
          },
          "position": [
            1.1,
            -0.2,
            0.9
          ]
        },
        "leftfoot": {
          "rotation": [
            0,
            0,
            -6
          ],
          "position": [
            0.9,
            0,
            0
          ]
        },
        "lowerlowerLeftArm": {
          "rotation": {
            "0.0": [
              -26,
              0,
              0
            ],
            "1.1": [
              9,
              0,
              0
            ]
          }
        },
        "rightfoot": {
          "rotation": {
            "0.0": [
              0,
              0,
              6
            ],
            "1.0": [
              0,
              0,
              6
            ],
            "1.1": [
              0,
              0,
              23.5
            ],
            "1.2": [
              0,
              0,
              6
            ],
            "1.5": [
              0,
              0,
              6
            ],
            "1.6": [
              0,
              0,
              23.5
            ],
            "1.7": [
              0,
              0,
              6
            ]
          },
          "position": {
            "1.0": [
              0,
              0,
              0
            ],
            "1.1": [
              -0.5,
              0.3,
              0
            ],
            "1.2": [
              0,
              0,
              0
            ],
            "1.5": [
              0,
              0,
              0
            ],
            "1.6": [
              -0.5,
              0.3,
              0
            ],
            "1.7": [
              0,
              0,
              0
            ]
          }
        }
      }
    },
    "animation.nightmare.spotted": {
      "loop": true,
      "animation_length": 7,
      "bones": {
        "upperbody": {
          "rotation": [
            0,
            0,
            -37.5
          ]
        },
        "neck": {
          "rotation": [
            0,
            0,
            -7.5
          ],
          "position": [
            0.4,
            -0.5,
            0
          ]
        },
        "rightupperarm": {
          "rotation": [
            17.5,
            0,
            -352.5
          ]
        },
        "rightlowerarm": {
          "rotation": [
            2.67229,
            2.58602,
            72.21202
          ]
        },
        "leftupperarm": {
          "rotation": [
            0,
            0,
            35
          ]
        },
        "leftlowerarm": {
          "rotation": [
            0,
            0,
            0
          ],
          "position": [
            0.6,
            0,
            0
          ]
        },
        "upperleftleg": {
          "rotation": [
            -26.11808,
            -6.87307,
            34.43429
          ],
          "position": [
            0,
            0,
            -0.8
          ]
        },
        "lowerleftleg": {
          "rotation": [
            0,
            0,
            -37.5
          ]
        },
        "upperrightleg": {
          "rotation": [
            0,
            0,
            37.5
          ]
        },
        "lowerrightleg": {
          "rotation": [
            0,
            0,
            -35
          ]
        },
        "lowerbody": {
          "rotation": [
            -177.78019,
            -11.54355,
            136.02959
          ],
          "position": [
            6,
            4,
            -4
          ]
        },
        "base": {
          "rotation": [
            78.97295,
            -223.03224,
            81.89308
          ],
          "position": [
            0,
            3,
            19
          ]
        },
        "head": {
          "rotation": [
            62.65249,
            15.36933,
            70.45802
          ],
          "position": [
            1.3,
            3.4,
            1
          ]
        },
        "jaw": {
          "rotation": [
            0,
            0,
            -37.5
          ]
        },
        "righthand": {
          "rotation": [
            220.27013,
            -16.87487,
            225.4089
          ],
          "position": [
            -0.2,
            0.3,
            -0.5
          ]
        },
        "lefthand": {
          "rotation": [
            -118.82115,
            -48.06248,
            95.54786
          ],
          "position": [
            0.8,
            0,
            0
          ]
        },
        "leftfoot": {
          "rotation": [
            19.64233,
            -4.59902,
            8.88927
          ],
          "position": [
            0,
            0,
            0.5
          ]
        },
        "rightfoot": {
          "rotation": [
            0,
            0,
            10
          ]
        },
        "lowerlowerLeftArm": {
          "rotation": [
            -15.9477,
            7.30111,
            40.97593
          ]
        }
      }
    },
    "animation.nightmare.flee": {
      "loop": true,
      "animation_length": 0.5,
      "bones": {
        "upperbody": {
          "rotation": {
            "0.0": [
              0,
              0,
              0
            ],
            "0.25": [
              0,
              0,
              -7
            ],
            "0.5": [
              0,
              0,
              0
            ]
          }
        },
        "neck": {
          "rotation": {
            "0.0": [
              0,
              0,
              0
            ],
            "0.25": [
              0,
              0,
              15
            ],
            "0.5": [
              0,
              0,
              0
            ]
          },
          "position": {
            "0.0": [
              0,
              0,
              0
            ],
            "0.25": [
              0.7,
              0,
              0
            ],
            "0.5": [
              0,
              0,
              0
            ]
          }
        },
        "rightupperarm": {
          "rotation": {
            "0.0": [
              0,
              0,
              0
            ],
            "0.25": [
              0,
              0,
              -27.5
            ],
            "0.5": [
              0,
              0,
              0
            ]
          }
        },
        "rightlowerarm": {
          "rotation": {
            "0.0": [
              0,
              0,
              0
            ],
            "0.25": [
              0,
              0,
              30
            ],
            "0.5": [
              0,
              0,
              0
            ]
          }
        },
        "leftupperarm": {
          "rotation": {
            "0.0": [
              0,
              0,
              0
            ],
            "0.25": [
              0,
              0,
              26
            ],
            "0.5": [
              0,
              0,
              0
            ]
          }
        },
        "leftlowerarm": {
          "rotation": {
            "0.0": [
              0,
              0,
              0
            ],
            "0.25": [
              0,
              0,
              -20
            ],
            "0.5": [
              0,
              0,
              0
            ]
          }
        },
        "upperleftleg": {
          "rotation": {
            "0.0": [
              0,
              0,
              0
            ],
            "0.25": [
              0,
              0,
              -20
            ],
            "0.5": [
              0,
              0,
              0
            ]
          }
        },
        "lowerleftleg": {
          "rotation": {
            "0.0": [
              0,
              0,
              0
            ],
            "0.25": [
              0,
              0,
              -30
            ],
            "0.5": [
              0,
              0,
              0
            ]
          }
        },
        "upperrightleg": {
          "rotation": {
            "0.0": [
              0,
              0,
              0
            ],
            "0.25": [
              0,
              0,
              37.5
            ],
            "0.5": [
              0,
              0,
              0
            ]
          }
        },
        "lowerrightleg": {
          "rotation": {
            "0.0": [
              0,
              0,
              0
            ],
            "0.25": [
              0,
              0,
              -40
            ],
            "0.5": [
              0,
              0,
              0
            ]
          }
        },
        "head": {
          "rotation": {
            "0.0": [
              -189.29957,
              347.17802,
              148.41303
            ],
            "0.5": [
              -189.29957,
              347.17802,
              148.41303
            ]
          },
          "position": {
            "0.0": [
              5.7,
              1.9,
              -0.8
            ],
            "0.5": [
              5.7,
              1.9,
              -0.8
            ]
          }
        },
        "jaw": {
          "rotation": {
            "0.0": [
              0,
              0,
              0
            ],
            "0.25": [
              0,
              0,
              -7
            ],
            "0.5": [
              0,
              0,
              0
            ]
          }
        },
        "righthand": {
          "rotation": {
            "0.0": [
              0,
              0,
              0
            ],
            "0.25": [
              -87.88716,
              -35.91551,
              -109.94326
            ],
            "0.5": [
              0,
              0,
              0
            ]
          },
          "position": {
            "0.0": [
              0,
              0,
              0
            ],
            "0.25": [
              1,
              0.6,
              -1.5
            ],
            "0.5": [
              0,
              0,
              0
            ]
          }
        },
        "lefthand": {
          "rotation": {
            "0.0": [
              0,
              0,
              0
            ],
            "0.25": [
              0,
              0,
              -45
            ],
            "0.5": [
              0,
              0,
              0
            ]
          }
        },
        "lowerlowerLeftArm": {
          "rotation": {
            "0.0": [
              0,
              0,
              0
            ],
            "0.25": [
              0,
              0,
              29
            ],
            "0.5": [
              0,
              0,
              0
            ]
          }
        },
        "lowerbody": {
          "position": [
            0,
            -1,
            0
          ]
        }
      }
    },
    "animation.nightmare.crawl": {
      "loop": true,
      "animation_length": 1.6,
      "bones": {
        "lowerbody": {
          "rotation": {
            "0.0": [
              0,
              0,
              -42.5
            ],
            "0.8": [
              0,
              0,
              -52.5
            ],
            "1.6": [
              0,
              0,
              -42.5
            ]
          },
          "position": {
            "0.0": [
              3,
              -12,
              0
            ],
            "1.6": [
              3,
              -12,
              0
            ]
          }
        },
        "upperbody": {
          "rotation": {
            "0.0": [
              0,
              0,
              -37.5
            ],
            "0.8": [
              0,
              0,
              -32.5
            ],
            "1.6": [
              0,
              0,
              -37.5
            ]
          }
        },
        "neck": {
          "rotation": {
            "0.0": [
              0,
              0,
              20
            ],
            "0.8": [
              0,
              0,
              0
            ],
            "1.6": [
              0,
              0,
              20
            ]
          },
          "position": {
            "0.0": [
              1,
              0,
              0
            ],
            "1.6": [
              1,
              0,
              0
            ]
          }
        },
        "rightupperarm": {
          "rotation": {
            "0.0": [
              129.89078,
              -82.93343,
              12.39078
            ],
            "0.8": [
              62.39078,
              -82.93343,
              12.39078
            ],
            "1.6": [
              -5.10922,
              -82.93343,
              12.39078
            ]
          }
        },
        "rightlowerarm": {
          "rotation": {
            "0.0": [
              8.04868,
              3.9649,
              -14.89445
            ],
            "0.8": [
              80.54868,
              3.9649,
              -14.89445
            ],
            "1.6": [
              -24.45132,
              3.9649,
              -14.89445
            ]
          }
        },
        "leftupperarm": {
          "rotation": {
            "0.0": [
              0,
              0,
              145
            ],
            "0.8": [
              -37.5,
              0,
              145
            ],
            "1.6": [
              -109.5,
              0,
              145
            ]
          }
        },
        "leftlowerarm": {
          "rotation": {
            "0.0": [
              -174.8728,
              -6.34096,
              218.68834
            ],
            "0.8": [
              -144.8728,
              -6.34096,
              218.68834
            ],
            "1.6": [
              -178.52233,
              40.67905,
              130.55557
            ]
          },
          "position": {
            "0.0": [
              1,
              -0.9,
              0
            ],
            "0.8": [
              1,
              -0.9,
              0.7
            ],
            "1.6": [
              -1.3,
              -0.3,
              -0.3
            ]
          }
        },
        "upperleftleg": {
          "rotation": {
            "0.0": [
              0,
              0,
              -32.5
            ],
            "0.8": [
              0,
              0,
              55
            ],
            "1.6": [
              0,
              0,
              -23.5
            ]
          }
        },
        "lowerleftleg": {
          "rotation": {
            "0.0": [
              0,
              0,
              -30
            ],
            "0.8": [
              0,
              0,
              -117.5
            ]
          },
          "position": {
            "0.0": [
              0,
              0,
              0
            ],
            "0.8": [
              1.3,
              0,
              0
            ]
          }
        },
        "upperrightleg": {
          "rotation": {
            "0.0": [
              0,
              0,
              -35
            ],
            "0.8": [
              0,
              0,
              140
            ],
            "1.6": [
              0,
              0,
              -25
            ]
          },
          "position": {
            "0.0": [
              0,
              0,
              0
            ],
            "0.8": [
              0,
              1,
              0
            ]
          }
        },
        "lowerrightleg": {
          "rotation": {
            "0.0": [
              0,
              0,
              -37.5
            ],
            "0.8": [
              0,
              0,
              -25
            ],
            "1.6": [
              0,
              0,
              -42
            ]
          }
        },
        "head": {
          "rotation": {
            "0.0": [
              0,
              0,
              55
            ],
            "0.8": [
              0,
              0,
              104
            ],
            "1.6": [
              0,
              0,
              55
            ]
          },
          "position": {
            "0.0": [
              1.5,
              2.7,
              0
            ],
            "0.8": [
              3.6,
              2.7,
              0
            ],
            "1.6": [
              1.5,
              2.7,
              0
            ]
          }
        },
        "jaw": {
          "rotation": {
            "0.0": [
              0,
              0,
              0
            ],
            "0.8": [
              0,
              0,
              -45
            ],
            "1.6": [
              0,
              0,
              0
            ]
          }
        },
        "righthand": {
          "rotation": {
            "0.0": [
              0,
              0,
              0
            ],
            "1.6": [
              -84.11493,
              -51.1842,
              -77.02766
            ]
          },
          "position": {
            "0.0": [
              0,
              0,
              0
            ],
            "1.6": [
              0,
              0.7,
              -1.8
            ]
          }
        },
        "lefthand": {
          "rotation": {
            "0.0": [
              0,
              0,
              0
            ],
            "0.8": [
              37.5,
              0,
              0
            ],
            "1.6": [
              18.5916,
              33.17179,
              -58.4179
            ]
          },
          "position": {
            "0.0": [
              0,
              0,
              0
            ],
            "0.8": [
              0.4,
              -0.1,
              0
            ],
            "1.6": [
              0.1,
              -0.1,
              0.9
            ]
          }
        },
        "leftfoot": {
          "rotation": {
            "0.0": [
              0,
              0,
              0
            ],
            "0.8": [
              0,
              0,
              50
            ],
            "1.6": [
              0,
              0,
              -17
            ]
          },
          "position": {
            "0.0": [
              0,
              0,
              0
            ],
            "0.8": [
              -1.1,
              0.6,
              0
            ],
            "1.6": [
              0.5,
              0,
              0
            ]
          }
        },
        "rightfoot": {
          "rotation": {
            "0.0": [
              0,
              0,
              0
            ],
            "0.8": [
              0,
              0,
              -20
            ],
            "1.6": [
              0,
              0,
              -47.5
            ]
          },
          "position": {
            "0.0": [
              0,
              0,
              0
            ],
            "0.8": [
              1,
              0,
              0
            ],
            "1.6": [
              1.5,
              0,
              0
            ]
          }
        },
        "lowerlowerLeftArm": {
          "rotation": {
            "0.0": [
              0,
              0,
              0
            ],
            "0.8": [
              0,
              0,
              57.5
            ],
            "1.6": [
              0,
              0,
              -7.5
            ]
          }
        }
      }
    }
  }
}