{
  "format_version": "1.10.0",
  "minecraft:client_entity": {
    "description": {
      "identifier": "yushi:nightmare",
      "materials": {
        "default": "entity_emissive_alpha"
      },
      "textures": {
        "default": "textures/yushi_nightmare/yushi_nightmare"
      },
      "geometry": {
        "default": "geometry.yushi_nightmare"
      },
      "scripts": {
        "scale": "1.4",
        "animate": [
          {
            "walk": "query.modified_move_speed < 0.75 && query.modified_move_speed > 0.02 && !query.is_ignited && !query.is_saddled"
          },
          {
            "run": "query.modified_move_speed > 0.75 && !query.is_ignited && !query.is_saddled"
          },
          {
            "flee": "query.modified_move_speed > 0.75 && !query.is_ignited && !query.is_saddled && query.get_equipped_item_name == 'diamond'"
          },
          {
            "crouch": "query.modified_move_speed > 0.02 && !query.is_ignited && query.is_saddled"
          },
          {
            "idle": "query.modified_move_speed < 0.02 && !query.is_ignited && !query.is_saddled && !query.is_sheared"
          },
          {
            "crouching": "query.modified_move_speed < 0.02 && !query.is_ignited && query.is_saddled"
          },
          {
            "stalk1": "query.is_sheared && query.mark_variant == 1 && !query.is_ignited && !query.is_saddled"
          },
          {
            "stalk2": "query.is_sheared && query.mark_variant == 2 && !query.is_ignited && !query.is_saddled"
          },
          {
            "stalk3": "query.is_sheared && query.mark_variant == 3 && !query.is_ignited && !query.is_saddled"
          },
          {
            "stalk4": "query.is_sheared && query.mark_variant == 4 && !query.is_ignited && !query.is_saddled"
          },
          {
            "stalk5": "query.is_sheared && query.mark_variant == 5 && !query.is_ignited && !query.is_saddled"
          },
          {
            "stalk6": "query.is_sheared && query.mark_variant == 6 && !query.is_ignited && !query.is_saddled"
          },
          {
            "crawl": "query.is_ignited && query.is_saddled || query.is_ignited && !query.is_saddled"
          }
        ]
      },
      "animations": {
        "walk": "animation.nightmare.calm_move",
        "run": "animation.nightmare.new_run",
        "run_idle": "animation.nightmare.run_idle",
        "idle": "animation.nightmare.calm_idle",
        "crouching": "animation.nightmare.crouch_idle",
        "stalk1": "animation.nightmare.crouch_idle",
        "stalk2": "animation.nightmare.calm_idle",
        "stalk3": "animation.nightmare.idle",
        "stalk4": "animation.nightmare.spotted",
        "stalk5": "animation.nightmare.spotted",
        "stalk6": "animation.nightmare.scare",
        "crawl": "animation.nightmare.crawl",
        "flee": "animation.nightmare.flee",
        "crouch": "animation.nightmare.crouch_run_new"
      },
      "render_controllers": [
        "controller.render.yushi_dcs"
      ],
      "spawn_egg": {
        "base_color": "#552F0D",
        "overlay_color": "#460E0E"
      }
    }
  }
}
